1785202301,01:31:41,0, 0, 143771, 0;
1785202331,01:32:11,0, 0, 143771, 0;
1785202361,01:32:41,0, 0, 143771, 0;
1785202391,01:33:11,0, 0, 143771, 0;
1785202421,01:33:41,0, 0, 143771, 0;
1785202451,01:34:11,0, 6963, 143771, 0;
1785202481,01:34:41,0, 6963, 143771, 0;
1785202512,01:35:12,0, 74165, 143771, 16;
1785202542,01:35:42,0, 80655, 143771, 0;
1785202572,01:36:12,0, 0, 143771, 0;
1785202602,01:36:42,0, 0, 143771, 0;
1785202632,01:37:12,0, 0, 143771, 0;
1785202662,01:37:42,0, 6775, 143771, 1;
1785202692,01:38:12,0, 134453, 143771, 88;
1785202722,01:38:42,0, 0, 143771, 0;
1785202752,01:39:12,0, 6775, 143771, 0;
1785202782,01:39:42,0, 102851, 143771, 19;
1785202812,01:40:12,0, 109661, 143771, 83;
1785202842,01:40:42,0, 110581, 143771, 0;
1785202872,01:41:12,0, 0, 143771, 0;
1785202902,01:41:42,0, 129721, 143771, 0;
1785202933,01:42:13,0, 0, 143771, 0;
1785202963,01:42:43,0, 6775, 143771, 1;
1785202993,01:43:13,0, 102701, 143771, 24;
1785203023,01:43:43,0, 109661, 143771, 90;
1785203053,01:44:13,0, 0, 143771, 0;
1785203083,01:44:43,0, 0, 143771, 0;
1785203113,01:45:13,0, 0, 143771, 0;
1785203143,01:45:43,0, 0, 143771, 0;
1785203173,01:46:13,0, 6775, 143771, 1;
1785203203,01:46:43,0, 8811, 143771, 0;
1785203233,01:47:13,0, 123367, 143771, 0;
1785203263,01:47:43,0, 125153, 143771, 52;
1785203293,01:48:13,0, 125153, 143771, 39;
1785203323,01:48:43,0, 125153, 143771, 35;
1785203354,01:49:14,0, 125153, 143771, 41;
1785203384,01:49:44,0, 126941, 143771, 100;
1785203414,01:50:14,0, 126941, 143771, 38;
1785203444,01:50:44,0, 126941, 143771, 43;
1785203474,01:51:14,0, 126941, 143771, 52;
1785203504,01:51:44,0, 126941, 143771, 55;
1785203534,01:52:14,0, 127343, 143771, 58;
1785203564,01:52:44,0, 127343, 143771, 63;
1785203594,01:53:14,0, 127343, 143771, 57;
1785203624,01:53:44,0, 127343, 143771, 40;
1785203654,01:54:14,0, 127343, 143771, 65;
1785203684,01:54:44,0, 127343, 143771, 54;
1785203714,01:55:14,0, 127343, 143771, 40;
1785203744,01:55:44,0, 127343, 143771, 41;
1785203774,01:56:14,0, 127343, 143771, 51;
1785203804,01:56:44,0, 127343, 143771, 15;
1785203834,01:57:14,0, 127343, 143771, 42;
1785203864,01:57:44,0, 127343, 143771, 50;
1785203894,01:58:14,0, 127343, 143771, 42;
1785203924,01:58:44,0, 127343, 143771, 33;
1785203954,01:59:14,0, 127343, 143771, 48;
1785203984,01:59:44,0, 127343, 143771, 41;
1785204014,02:00:14,0, 127343, 143771, 38;
1785204045,02:00:45,0, 127343, 143771, 44;
1785204075,02:01:15,0, 127343, 143771, 72;
1785204105,02:01:45,0, 127343, 143771, 49;
1785204135,02:02:15,0, 127343, 143771, 54;
1785204165,02:02:45,0, 127343, 143771, 34;
1785204195,02:03:15,0, 127343, 143771, 28;
1785204225,02:03:45,0, 127343, 143771, 68;
1785204255,02:04:15,0, 127343, 143771, 61;
1785204285,02:04:45,0, 127343, 143771, 50;
1785204315,02:05:15,0, 127343, 143771, 41;
1785204345,02:05:45,0, 127343, 143771, 56;
1785204375,02:06:15,0, 127343, 143771, 71;
1785204405,02:06:45,0, 127343, 143771, 63;
1785204435,02:07:15,0, 127343, 143771, 33;
1785204465,02:07:45,0, 127343, 143771, 43;
1785204495,02:08:15,0, 127345, 143771, 74;
1785204525,02:08:45,0, 127345, 143771, 48;
1785204555,02:09:15,0, 127345, 143771, 58;
1785204585,02:09:45,0, 127345, 143771, 45;
1785204615,02:10:15,0, 127345, 143771, 39;
1785204645,02:10:45,0, 127345, 143771, 63;
1785204675,02:11:15,0, 127345, 143771, 56;
1785204705,02:11:45,0, 127345, 143771, 37;
1785204736,02:12:16,0, 127345, 143771, 41;
1785204766,02:12:46,0, 127345, 143771, 0;
1785204796,02:13:16,0, 127345, 143771, 45;
1785204826,02:13:46,0, 127345, 143771, 46;
1785204856,02:14:16,0, 127345, 143771, 30;
1785204886,02:14:46,0, 127345, 143771, 48;
1785204916,02:15:16,0, 127345, 143771, 67;
1785204946,02:15:46,0, 127345, 143771, 46;
1785204976,02:16:16,0, 127345, 143771, 38;
1785205006,02:16:46,0, 127345, 143771, 48;
1785205036,02:17:16,0, 127345, 143771, 36;
1785205066,02:17:46,0, 127345, 143771, 50;
1785205096,02:18:16,0, 127345, 143771, 40;
1785205126,02:18:46,0, 127345, 143771, 34;
1785205156,02:19:16,0, 127345, 143771, 35;
1785205186,02:19:46,0, 127345, 143771, 88;
1785205216,02:20:16,0, 127345, 143771, 49;
1785205246,02:20:46,0, 127345, 143771, 41;
1785205276,02:21:16,0, 127345, 143771, 41;
1785205306,02:21:46,0, 127345, 143771, 51;
1785205336,02:22:16,0, 127345, 143771, 72;
1785205366,02:22:46,0, 127345, 143771, 50;
1785205397,02:23:17,0, 127345, 143771, 44;
1785205427,02:23:47,0, 127345, 143771, 35;
1785205457,02:24:17,0, 127345, 143771, 44;
1785205487,02:24:47,0, 127347, 143771, 45;
1785205517,02:25:17,0, 127347, 143771, 0;
1785205547,02:25:47,0, 127347, 143771, 37;
1785205577,02:26:17,0, 127347, 143771, 36;
1785205607,02:26:47,0, 127347, 143771, 0;
1785205637,02:27:17,0, 127347, 143771, 44;
1785205667,02:27:47,0, 127347, 143771, 55;
1785205697,02:28:17,0, 127347, 143771, 35;
1785205727,02:28:47,0, 127347, 143771, 51;
1785205757,02:29:17,0, 127347, 143771, 74;
1785205787,02:29:47,0, 127347, 143771, 47;
1785205817,02:30:17,0, 127347, 143771, 54;
1785205847,02:30:47,0, 127347, 143771, 33;
1785205877,02:31:17,0, 127347, 143771, 48;
1785205907,02:31:47,0, 127347, 143771, 46;
1785205937,02:32:17,0, 127347, 143771, 55;
1785205967,02:32:47,0, 127347, 143771, 39;
1785205997,02:33:17,0, 127347, 143771, 39;
1785206027,02:33:47,0, 127347, 143771, 57;
1785206057,02:34:17,0, 127347, 143771, 45;
1785206088,02:34:48,0, 127347, 143771, 38;
1785206118,02:35:18,0, 127347, 143771, 49;
1785206148,02:35:48,0, 127347, 143771, 37;
1785206178,02:36:18,0, 127347, 143771, 74;
1785206208,02:36:48,0, 127347, 143771, 50;
1785206238,02:37:18,0, 127347, 143771, 46;
1785206268,02:37:48,0, 127347, 143771, 37;
1785206298,02:38:18,0, 127347, 143771, 36;
1785206328,02:38:48,0, 127347, 143771, 60;
1785206358,02:39:18,0, 127347, 143771, 59;
1785206388,02:39:48,0, 127347, 143771, 52;
1785206418,02:40:18,0, 127347, 143771, 35;
1785206448,02:40:48,0, 127347, 143771, 0;
1785206478,02:41:18,0, 127347, 143771, 59;
1785206508,02:41:48,0, 127347, 143771, 55;
1785206538,02:42:18,0, 127347, 143771, 35;
1785206568,02:42:48,0, 127347, 143771, 42;
1785206598,02:43:18,0, 127347, 143771, 58;
1785206628,02:43:48,0, 127347, 143771, 51;
1785206658,02:44:18,0, 127347, 143771, 38;
1785206688,02:44:48,0, 127347, 143771, 36;
1785206718,02:45:18,0, 127347, 143771, 35;
1785206748,02:45:48,0, 127347, 143771, 49;
1785206778,02:46:18,0, 127347, 143771, 57;
1785206809,02:46:49,0, 127347, 143771, 42;
1785206839,02:47:19,0, 127347, 143771, 42;
1785206869,02:47:49,0, 127347, 143771, 0;
1785206899,02:48:19,0, 127347, 143771, 49;
1785206929,02:48:49,0, 127347, 143771, 29;
1785206959,02:49:19,0, 127347, 143771, 39;
1785206989,02:49:49,0, 127347, 143771, 54;
1785207019,02:50:19,0, 127347, 143771, 40;
1785207049,02:50:49,0, 127347, 143771, 49;
1785207079,02:51:19,0, 127347, 143771, 42;
1785207109,02:51:49,0, 127347, 143771, 41;
1785207139,02:52:19,0, 127347, 143771, 81;
1785207169,02:52:49,0, 127347, 143771, 49;
1785207199,02:53:19,0, 127347, 143771, 50;
1785207229,02:53:49,0, 127347, 143771, 40;
1785207259,02:54:19,0, 127347, 143771, 51;
1785207289,02:54:49,0, 127347, 143771, 0;
1785207319,02:55:19,0, 127347, 143771, 58;
1785207349,02:55:49,0, 127347, 143771, 39;
1785207379,02:56:19,0, 127347, 143771, 45;
1785207409,02:56:49,0, 127347, 143771, 100;
1785207439,02:57:19,0, 127347, 143771, 55;
1785207469,02:57:49,0, 127347, 143771, 50;
1785207500,02:58:20,0, 127347, 143771, 35;
1785207530,02:58:50,0, 127347, 143771, 59;
1785207560,02:59:20,0, 127347, 143771, 47;
1785207590,02:59:50,0, 127347, 143771, 54;
1785207620,03:00:20,0, 127347, 143771, 35;
1785207650,03:00:50,0, 127347, 143771, 38;
1785207680,03:01:20,0, 127347, 143771, 70;
1785207710,03:01:50,0, 127347, 143771, 56;
1785207740,03:02:20,0, 127347, 143771, 40;
1785207770,03:02:50,0, 127347, 143771, 48;
1785207800,03:03:20,0, 127347, 143771, 39;
1785207830,03:03:50,0, 127347, 143771, 0;
1785207860,03:04:20,0, 127347, 143771, 60;
1785207890,03:04:50,0, 127347, 143771, 33;
1785207920,03:05:20,0, 127347, 143771, 38;
1785207950,03:05:50,0, 127347, 143771, 58;
1785207980,03:06:20,0, 127347, 143771, 43;
1785208010,03:06:50,0, 127347, 143771, 56;
1785208040,03:07:20,0, 127347, 143771, 48;
1785208070,03:07:50,0, 127347, 143771, 42;
1785208100,03:08:20,0, 127347, 143771, 56;
1785208130,03:08:50,0, 127347, 143771, 48;
1785208160,03:09:20,0, 127347, 143771, 36;
1785208190,03:09:50,0, 127347, 143771, 39;
1785208221,03:10:21,0, 127347, 143771, 0;
1785208251,03:10:51,0, 127347, 143771, 45;
1785208281,03:11:21,0, 127347, 143771, 44;
1785208311,03:11:51,0, 127347, 143771, 40;
1785208341,03:12:21,0, 127347, 143771, 67;
1785208371,03:12:51,0, 127347, 143771, 64;
1785208401,03:13:21,0, 127347, 143771, 35;
1785208431,03:13:51,0, 127347, 143771, 50;
1785208461,03:14:21,0, 127347, 143771, 39;
1785208491,03:14:51,0, 127347, 143771, 100;
1785208521,03:15:21,0, 127347, 143771, 38;
1785208551,03:15:51,0, 127347, 143771, 46;
1785208581,03:16:21,0, 127347, 143771, 45;
1785208611,03:16:51,0, 127347, 143771, 57;
1785208641,03:17:21,0, 127347, 143771, 46;
1785208671,03:17:51,0, 127347, 143771, 53;
1785208701,03:18:21,0, 127347, 143771, 45;
1785208731,03:18:51,0, 127347, 143771, 51;
1785208761,03:19:21,0, 127347, 143771, 64;
1785208791,03:19:51,0, 127347, 143771, 55;
1785208821,03:20:21,0, 127347, 143771, 50;
1785208851,03:20:51,0, 127347, 143771, 41;
1785208881,03:21:21,0, 127347, 143771, 54;
1785208912,03:21:52,0, 127347, 143771, 50;
1785208942,03:22:22,0, 127347, 143771, 38;
1785208972,03:22:52,0, 127347, 143771, 36;
1785209002,03:23:22,0, 127347, 143771, 39;
1785209032,03:23:52,0, 127347, 143771, 68;
1785209062,03:24:22,0, 127347, 143771, 62;
1785209092,03:24:52,0, 127347, 143771, 41;
1785209122,03:25:22,0, 127347, 143771, 39;
1785209152,03:25:52,0, 127347, 143771, 74;
1785209182,03:26:22,0, 127347, 143771, 63;
1785209212,03:26:52,0, 127347, 143771, 40;
1785209242,03:27:22,0, 127347, 143771, 43;
1785209272,03:27:52,0, 127347, 143771, 52;
1785209302,03:28:22,0, 127347, 143771, 45;
1785209332,03:28:52,0, 127347, 143771, 47;
1785209362,03:29:22,0, 127347, 143771, 37;
1785209392,03:29:52,0, 127347, 143771, 38;
1785209422,03:30:22,0, 127347, 143771, 92;
1785209452,03:30:52,0, 127347, 143771, 53;
1785209482,03:31:22,0, 127347, 143771, 51;
1785209512,03:31:52,0, 127347, 143771, 48;
1785209542,03:32:22,0, 127347, 143771, 49;
1785209572,03:32:52,0, 127347, 143771, 52;
1785209603,03:33:23,0, 127347, 143771, 32;
1785209633,03:33:53,0, 127347, 143771, 49;
1785209663,03:34:23,0, 127347, 143771, 34;
1785209693,03:34:53,0, 127347, 143771, 79;
1785209723,03:35:23,0, 127347, 143771, 50;
1785209753,03:35:53,0, 127347, 143771, 59;
1785209783,03:36:23,0, 127347, 143771, 41;
1785209813,03:36:53,0, 127347, 143771, 0;
1785209843,03:37:23,0, 127347, 143771, 43;
1785209873,03:37:53,0, 127347, 143771, 41;
1785209903,03:38:23,0, 127347, 143771, 34;
1785209933,03:38:53,0, 127347, 143771, 41;
1785209963,03:39:23,0, 127347, 143771, 76;
1785209993,03:39:53,0, 127347, 143771, 42;
1785210023,03:40:23,0, 127347, 143771, 53;
1785210053,03:40:53,0, 127347, 143771, 45;
1785210083,03:41:23,0, 127347, 143771, 62;
1785210113,03:41:53,0, 127347, 143771, 62;
1785210143,03:42:23,0, 127347, 143771, 48;
1785210173,03:42:53,0, 127347, 143771, 48;
1785210203,03:43:23,0, 127347, 143771, 50;
1785210233,03:43:53,0, 127347, 143771, 71;
1785210263,03:44:23,0, 127347, 143771, 33;
1785210294,03:44:54,0, 127347, 143771, 44;
1785210324,03:45:24,0, 127347, 143771, 35;
1785210354,03:45:54,0, 127347, 143771, 92;
1785210384,03:46:24,0, 127347, 143771, 57;
1785210414,03:46:54,0, 127347, 143771, 40;
1785210444,03:47:24,0, 127347, 143771, 45;
1785210474,03:47:54,0, 127347, 143771, 39;
1785210504,03:48:24,0, 127347, 143771, 61;
1785210534,03:48:54,0, 127347, 143771, 47;
1785210564,03:49:24,0, 127347, 143771, 33;
1785210594,03:49:54,0, 127347, 143771, 33;
1785210624,03:50:24,0, 127347, 143771, 90;
1785210654,03:50:54,0, 127347, 143771, 34;
1785210684,03:51:24,0, 127347, 143771, 54;
1785210714,03:51:54,0, 127347, 143771, 33;
1785210744,03:52:24,0, 127347, 143771, 56;
1785210774,03:52:54,0, 127347, 143771, 52;
1785210804,03:53:24,0, 127347, 143771, 52;
1785210834,03:53:54,0, 127347, 143771, 44;
1785210864,03:54:24,0, 127347, 143771, 62;
1785210894,03:54:54,0, 127347, 143771, 53;
1785210924,03:55:24,0, 127347, 143771, 57;
1785210954,03:55:54,0, 127347, 143771, 38;
1785210985,03:56:25,0, 127347, 143771, 50;
1785211015,03:56:55,0, 127344, 143771, 0;
1785211045,03:57:25,0, 6775, 143771, 1;
1785211075,03:57:55,0, 8811, 143771, 0;
1785211105,03:58:25,0, 124577, 143771, 53;
1785211135,03:58:55,0, 125153, 143771, 65;
1785211165,03:59:25,0, 125153, 143771, 53;
1785211195,03:59:55,0, 125153, 143771, 57;
1785211225,04:00:25,0, 125153, 143771, 33;
1785211255,04:00:55,0, 125153, 143771, 35;
1785211285,04:01:25,0, 125153, 143771, 32;
1785211315,04:01:55,0, 126941, 143771, 63;
1785211345,04:02:25,0, 126943, 143771, 62;
1785211375,04:02:55,0, 126943, 143771, 58;
1785211405,04:03:25,0, 126943, 143771, 49;
1785211435,04:03:55,0, 126943, 143771, 51;
1785211465,04:04:25,0, 126943, 143771, 35;
1785211495,04:04:55,0, 126943, 143771, 70;
1785211525,04:05:25,0, 127343, 143771, 66;
1785211555,04:05:55,0, 127343, 143771, 60;
1785211585,04:06:25,0, 127343, 143771, 54;
1785211615,04:06:55,0, 127343, 143771, 41;
1785211645,04:07:25,0, 127343, 143771, 43;
1785211676,04:07:56,0, 127343, 143771, 59;
1785211706,04:08:26,0, 127343, 143771, 73;
1785211736,04:08:56,0, 127343, 143771, 58;
1785211766,04:09:26,0, 127343, 143771, 40;
1785211796,04:09:56,0, 127343, 143771, 33;
1785211826,04:10:26,0, 127343, 143771, 52;
1785211856,04:10:56,0, 127343, 143771, 35;
1785211886,04:11:26,0, 127343, 143771, 72;
1785211916,04:11:56,0, 127343, 143771, 62;
1785211946,04:12:26,0, 127343, 143771, 49;
1785211976,04:12:56,0, 127343, 143771, 53;
1785212006,04:13:26,0, 127343, 143771, 54;
1785212036,04:13:56,0, 127343, 143771, 21;
1785212066,04:14:26,0, 127343, 143771, 52;
1785212096,04:14:56,0, 127343, 143771, 76;
1785212126,04:15:26,0, 127343, 143771, 0;
1785212156,04:15:56,0, 127343, 143771, 54;
1785212186,04:16:26,0, 127343, 143771, 38;
1785212216,04:16:56,0, 127343, 143771, 39;
1785212246,04:17:26,0, 127343, 143771, 46;
1785212276,04:17:56,0, 127343, 143771, 70;
1785212306,04:18:26,0, 127343, 143771, 69;
1785212336,04:18:56,0, 127343, 143771, 40;
1785212367,04:19:27,0, 127343, 143771, 40;
1785212397,04:19:57,0, 127343, 143771, 54;
1785212427,04:20:27,0, 127343, 143771, 51;
1785212457,04:20:57,0, 127343, 143771, 59;
1785212487,04:21:27,0, 127343, 143771, 76;
1785212517,04:21:57,0, 127343, 143771, 50;
1785212547,04:22:27,0, 127343, 143771, 58;
1785212577,04:22:57,0, 127343, 143771, 33;
1785212607,04:23:27,0, 127343, 143771, 35;
1785212637,04:23:57,0, 127343, 143771, 38;
1785212667,04:24:27,0, 127343, 143771, 58;
1785212697,04:24:57,0, 127343, 143771, 53;
1785212727,04:25:27,0, 127343, 143771, 57;
1785212757,04:25:57,0, 127343, 143771, 40;
1785212787,04:26:27,0, 127343, 143771, 57;
1785212817,04:26:57,0, 127343, 143771, 26;
1785212847,04:27:27,0, 127343, 143771, 44;
1785212877,04:27:57,0, 127345, 143771, 76;
1785212907,04:28:27,0, 127345, 143771, 0;
1785212937,04:28:57,0, 127345, 143771, 58;
1785212967,04:29:27,0, 127345, 143771, 51;
1785212997,04:29:57,0, 127345, 143771, 0;
1785213028,04:30:28,0, 127345, 143771, 52;
1785213058,04:30:58,0, 127345, 143771, 60;
1785213088,04:31:28,0, 127345, 143771, 56;
1785213118,04:31:58,0, 127345, 143771, 60;
1785213148,04:32:28,0, 127345, 143771, 47;
1785213178,04:32:58,0, 127345, 143771, 40;
1785213208,04:33:28,0, 127345, 143771, 43;
1785213238,04:33:58,0, 127345, 143771, 52;
1785213268,04:34:28,0, 127345, 143771, 100;
1785213298,04:34:58,0, 127345, 143771, 54;
1785213328,04:35:28,0, 127345, 143771, 65;
1785213358,04:35:58,0, 127345, 143771, 36;
1785213388,04:36:28,0, 127345, 143771, 52;
1785213418,04:36:58,0, 127345, 143771, 34;
1785213448,04:37:28,0, 127345, 143771, 0;
1785213478,04:37:58,0, 127345, 143771, 64;
1785213508,04:38:28,0, 127345, 143771, 55;
1785213538,04:38:58,0, 127345, 143771, 49;
1785213568,04:39:28,0, 127345, 143771, 38;
1785213598,04:39:58,0, 127345, 143771, 34;
1785213628,04:40:28,0, 127345, 143771, 39;
1785213658,04:40:58,0, 127345, 143771, 8;
1785213688,04:41:28,0, 127345, 143771, 74;
1785213719,04:41:59,0, 127345, 143771, 43;
1785213749,04:42:29,0, 127345, 143771, 38;
1785213779,04:42:59,0, 127345, 143771, 53;
1785213809,04:43:29,0, 127345, 143771, 34;
1785213839,04:43:59,0, 127345, 143771, 48;
1785213869,04:44:29,0, 127347, 143771, 62;
1785213899,04:44:59,0, 127347, 143771, 60;
1785213929,04:45:29,0, 127347, 143771, 46;
1785213959,04:45:59,0, 127347, 143771, 46;
1785213989,04:46:29,0, 127347, 143771, 0;
1785214019,04:46:59,0, 127347, 143771, 46;
1785214049,04:47:29,0, 127347, 143771, 100;
1785214079,04:47:59,0, 127347, 143771, 2;
1785214109,04:48:29,0, 127347, 143771, 55;
1785214139,04:48:59,0, 127347, 143771, 0;
1785214169,04:49:29,0, 127347, 143771, 48;
1785214199,04:49:59,0, 127347, 143771, 45;
1785214229,04:50:29,0, 127347, 143771, 58;
1785214259,04:50:59,0, 127347, 143771, 68;
1785214289,04:51:29,0, 127347, 143771, 63;
1785214319,04:51:59,0, 127347, 143771, 48;
1785214349,04:52:29,0, 127347, 143771, 54;
1785214380,04:53:00,0, 127347, 143771, 39;
1785214410,04:53:30,0, 127347, 143771, 43;
1785214440,04:54:00,0, 127347, 143771, 71;
1785214470,04:54:30,0, 127347, 143771, 57;
1785214500,04:55:00,0, 127347, 143771, 65;
1785214530,04:55:30,0, 127347, 143771, 38;
1785214560,04:56:00,0, 127347, 143771, 57;
1785214590,04:56:30,0, 127347, 143771, 27;
1785214620,04:57:00,0, 127347, 143771, 60;
1785214650,04:57:30,0, 127347, 143771, 76;
1785214680,04:58:00,0, 127347, 143771, 41;
1785214710,04:58:30,0, 127347, 143771, 61;
1785214740,04:59:00,0, 127347, 143771, 53;
1785214770,04:59:30,0, 127347, 143771, 33;
1785214800,05:00:00,0, 127347, 143771, 45;
1785214830,05:00:30,0, 127347, 143771, 0;
1785214860,05:01:00,0, 127347, 143771, 64;
1785214890,05:01:30,0, 127347, 143771, 61;
1785214920,05:02:00,0, 127347, 143771, 38;
1785214950,05:02:30,0, 127347, 143771, 44;
1785214980,05:03:00,0, 127347, 143771, 34;
1785215010,05:03:30,0, 127347, 143771, 57;
1785215040,05:04:00,0, 127347, 143771, 69;
1785215071,05:04:31,0, 127347, 143771, 47;
1785215101,05:05:01,0, 127347, 143771, 54;
1785215131,05:05:31,0, 127347, 143771, 56;
1785215161,05:06:01,0, 127347, 143771, 41;
1785215191,05:06:31,0, 127347, 143771, 43;
1785215221,05:07:01,0, 127347, 143771, 59;
1785215251,05:07:31,0, 127347, 143771, 69;
1785215281,05:08:01,0, 127347, 143771, 52;
1785215311,05:08:31,0, 127347, 143771, 38;
1785215341,05:09:01,0, 127347, 143771, 56;
1785215371,05:09:31,0, 127347, 143771, 37;
1785215401,05:10:01,0, 127347, 143771, 38;
1785215431,05:10:31,0, 127347, 143771, 74;
1785215461,05:11:01,0, 127347, 143771, 64;
1785215491,05:11:31,0, 127347, 143771, 43;
1785215521,05:12:01,0, 127347, 143771, 39;
1785215551,05:12:31,0, 127347, 143771, 37;
1785215581,05:13:01,0, 127347, 143771, 48;
1785215611,05:13:31,0, 127347, 143771, 53;
1785215641,05:14:01,0, 127347, 143771, 66;
1785215671,05:14:31,0, 127347, 143771, 53;
1785215701,05:15:01,0, 127347, 143771, 59;
1785215731,05:15:31,0, 127347, 143771, 34;
1785215762,05:16:02,0, 127347, 143771, 36;
1785215792,05:16:32,0, 127347, 143771, 46;
1785215822,05:17:02,0, 127347, 143771, 65;
1785215852,05:17:32,0, 127347, 143771, 71;
1785215882,05:18:02,0, 127347, 143771, 100;
1785215912,05:18:32,0, 127347, 143771, 42;
1785215942,05:19:02,0, 127347, 143771, 38;
1785215972,05:19:32,0, 127347, 143771, 51;
1785216002,05:20:02,0, 127347, 143771, 54;
1785216032,05:20:32,0, 127347, 143771, 54;
1785216062,05:21:02,0, 127347, 143771, 59;
1785216092,05:21:32,0, 127347, 143771, 38;
1785216122,05:22:02,0, 127347, 143771, 56;
1785216152,05:22:32,0, 127347, 143771, 47;
1785216182,05:23:02,0, 127347, 143771, 37;
1785216212,05:23:32,0, 127347, 143771, 64;
1785216242,05:24:02,0, 127347, 143771, 53;
1785216272,05:24:32,0, 127347, 143771, 38;
1785216302,05:25:02,0, 127347, 143771, 53;
1785216332,05:25:32,0, 127347, 143771, 39;
1785216362,05:26:02,0, 127347, 143771, 52;
1785216392,05:26:32,0, 127347, 143771, 81;
1785216423,05:27:03,0, 127347, 143771, 67;
1785216453,05:27:33,0, 127347, 143771, 40;
1785216483,05:28:03,0, 127347, 143771, 38;
1785216513,05:28:33,0, 127347, 143771, 0;
1785216543,05:29:03,0, 127347, 143771, 32;
1785216573,05:29:33,0, 127347, 143771, 49;
1785216603,05:30:03,0, 127347, 143771, 60;
1785216633,05:30:33,0, 127347, 143771, 57;
1785216663,05:31:03,0, 127347, 143771, 47;
1785216693,05:31:33,0, 127347, 143771, 45;
1785216723,05:32:03,0, 127347, 143771, 52;
1785216753,05:32:33,0, 127347, 143771, 41;
1785216783,05:33:03,0, 127347, 143771, 38;
1785216813,05:33:33,0, 127347, 143771, 71;
1785216843,05:34:03,0, 127347, 143771, 47;
1785216873,05:34:33,0, 127347, 143771, 57;
1785216903,05:35:03,0, 127347, 143771, 47;
1785216933,05:35:33,0, 127347, 143771, 51;
1785216963,05:36:03,0, 127347, 143771, 63;
1785216993,05:36:33,0, 127347, 143771, 63;
1785217023,05:37:03,0, 127347, 143771, 65;
1785217053,05:37:33,0, 127347, 143771, 52;
1785217083,05:38:04,0, 127347, 143771, 50;
1785217114,05:38:34,0, 127347, 143771, 37;
1785217144,05:39:04,0, 127347, 143771, 49;
1785217174,05:39:34,0, 127347, 143771, 58;
1785217204,05:40:04,0, 127347, 143771, 47;
1785217234,05:40:34,0, 127347, 143771, 46;
1785217264,05:41:04,0, 127347, 143771, 48;
1785217294,05:41:34,0, 127347, 143771, 46;
1785217324,05:42:04,0, 127347, 143771, 38;
1785217354,05:42:34,0, 127347, 143771, 0;
1785217384,05:43:04,0, 127347, 143771, 86;
1785217414,05:43:34,0, 127347, 143771, 64;
1785217444,05:44:04,0, 127347, 143771, 41;
1785217474,05:44:34,0, 127347, 143771, 47;
1785217504,05:45:04,0, 127347, 143771, 49;
1785217534,05:45:34,0, 127347, 143771, 66;
1785217564,05:46:04,0, 127347, 143771, 50;
1785217594,05:46:34,0, 127347, 143771, 53;
1785217624,05:47:04,0, 127347, 143771, 38;
1785217654,05:47:34,0, 127347, 143771, 50;
1785217684,05:48:04,0, 127347, 143771, 45;
1785217714,05:48:34,0, 127347, 143771, 60;
1785217744,05:49:04,0, 127347, 143771, 64;
1785217775,05:49:35,0, 127347, 143771, 52;
1785217805,05:50:05,0, 127347, 143771, 52;
1785217835,05:50:35,0, 127347, 143771, 50;
1785217865,05:51:05,0, 127347, 143771, 47;
1785217895,05:51:35,0, 127347, 143771, 37;
1785217925,05:52:05,0, 127347, 143771, 87;
1785217955,05:52:35,0, 127347, 143771, 100;
1785217985,05:53:05,0, 127347, 143771, 45;
1785218015,05:53:35,0, 127347, 143771, 39;
1785218045,05:54:05,0, 127347, 143771, 37;
1785218075,05:54:35,0, 127347, 143771, 35;
1785218105,05:55:05,0, 127347, 143771, 60;
1785218135,05:55:35,0, 0, 143771, 0;
1785218165,05:56:05,0, 6777, 143771, 0;
1785218195,05:56:35,0, 133879, 143771, 70;
1785218225,05:57:05,0, 133879, 143771, 69;
1785218255,05:57:35,0, 133879, 143771, 69;
1785218285,05:58:05,0, 138627, 143771, 70;
1785218315,05:58:35,0, 138627, 143771, 69;
1785218345,05:59:05,0, 138627, 143771, 68;
1785218375,05:59:35,0, 138627, 143771, 69;
1785218405,06:00:05,0, 138627, 143771, 68;
1785218435,06:00:35,0, 138627, 143771, 67;
1785218466,06:01:06,0, 138627, 143771, 69;
1785218496,06:01:36,0, 138627, 143771, 67;
1785218526,06:02:06,0, 138627, 143771, 68;
1785218556,06:02:36,0, 138627, 143771, 100;
1785218586,06:03:06,0, 138627, 143771, 73;
1785218616,06:03:36,0, 138627, 143771, 75;
1785218646,06:04:06,0, 138627, 143771, 74;
1785218676,06:04:36,0, 138627, 143771, 70;
1785218706,06:05:06,0, 138627, 143771, 68;
1785218736,06:05:36,0, 138627, 143771, 69;
1785218766,06:06:06,0, 138627, 143771, 75;
1785218796,06:06:36,0, 138627, 143771, 68;
1785218826,06:07:06,0, 138627, 143771, 69;
1785218856,06:07:36,0, 138627, 143771, 74;
1785218886,06:08:06,0, 138627, 143771, 71;
1785218916,06:08:36,0, 138627, 143771, 69;
1785218946,06:09:06,0, 138627, 143771, 73;
1785218976,06:09:36,0, 138627, 143771, 85;
1785219006,06:10:06,0, 138627, 143771, 75;
1785219036,06:10:36,0, 138627, 143771, 69;
1785219066,06:11:06,0, 138627, 143771, 73;
1785219096,06:11:36,0, 138627, 143771, 69;
1785219126,06:12:06,0, 138627, 143771, 66;
1785219157,06:12:37,0, 138627, 143771, 68;
1785219187,06:13:07,0, 138627, 143771, 68;
1785219217,06:13:37,0, 0, 143771, 0;
1785219247,06:14:07,0, 0, 143771, 0;
1785219277,06:14:37,0, 6895, 143771, 0;
1785219307,06:15:07,0, 8731, 143771, 58;
1785219337,06:15:37,0, 116263, 143771, 0;
1785219367,06:16:07,0, 116267, 143771, 53;
1785219397,06:16:37,0, 116267, 143771, 100;
1785219427,06:17:07,0, 116323, 143771, 60;
1785219457,06:17:37,0, 116323, 143771, 0;
1785219487,06:18:07,0, 116381, 143771, 0;
1785219517,06:18:37,0, 116381, 143771, 69;
1785219547,06:19:07,0, 116381, 143771, 76;
1785219577,06:19:37,0, 116439, 143771, 69;
1785219607,06:20:07,0, 116439, 143771, 72;
1785219637,06:20:37,0, 116495, 143771, 68;
1785219667,06:21:07,0, 116495, 143771, 73;
1785219697,06:21:37,0, 116495, 143771, 71;
1785219727,06:22:07,0, 116553, 143771, 75;
1785219757,06:22:37,0, 116553, 143771, 72;
1785219787,06:23:07,0, 116611, 143771, 72;
1785219817,06:23:37,0, 116611, 143771, 75;
1785219848,06:24:08,0, 116611, 143771, 76;
1785219878,06:24:38,0, 116669, 143771, 54;
1785219908,06:25:08,0, 116669, 143771, 64;
1785219938,06:25:38,0, 116727, 143771, 0;
1785219968,06:26:08,0, 116727, 143771, 68;
1785219998,06:26:38,0, 116783, 143771, 68;
1785220028,06:27:08,0, 116783, 143771, 78;
1785220058,06:27:38,0, 116783, 143771, 75;
1785220088,06:28:08,0, 116783, 143771, 53;
1785220118,06:28:38,0, 116783, 143771, 69;
1785220148,06:29:08,0, 0, 143771, 0;
1785220178,06:29:38,0, 0, 143771, 0;
1785220208,06:30:08,0, 0, 143771, 0;
1785220238,06:30:38,0, 0, 143771, 0;
1785220268,06:31:08,0, 0, 143771, 0;
1785220298,06:31:38,0, 0, 143771, 0;
1785220328,06:32:08,0, 0, 143771, 0;
1785220358,06:32:38,0, 0, 143771, 0;
1785220388,06:33:08,0, 0, 143771, 0;
1785220418,06:33:38,0, 0, 143771, 0;
1785220448,06:34:08,0, 0, 143771, 0;
1785220478,06:34:38,0, 0, 143771, 0;
1785220508,06:35:08,0, 0, 143771, 0;
1785220539,06:35:39,0, 0, 143771, 0;
1785220569,06:36:09,0, 0, 143771, 0;
1785220599,06:36:39,0, 0, 143771, 0;
1785220629,06:37:09,0, 0, 143771, 0;
1785220659,06:37:39,0, 0, 143771, 0;
1785220689,06:38:09,0, 0, 143771, 0;
1785220719,06:38:39,0, 0, 143771, 0;
1785220749,06:39:09,0, 0, 143771, 0;
1785220779,06:39:39,0, 0, 143771, 0;
1785220809,06:40:09,0, 0, 143771, 0;
1785220839,06:40:39,0, 0, 143771, 0;
1785220869,06:41:09,0, 0, 143771, 0;
1785220899,06:41:39,0, 0, 143771, 0;
1785220929,06:42:09,0, 0, 143771, 0;
1785220959,06:42:39,0, 0, 143771, 0;
1785220989,06:43:09,0, 0, 143771, 0;
1785221019,06:43:39,0, 0, 143771, 0;
1785221049,06:44:09,0, 0, 143771, 0;
1785221079,06:44:39,0, 0, 143771, 0;
1785221109,06:45:09,0, 0, 143771, 0;
1785221139,06:45:39,0, 0, 143771, 0;
1785221169,06:46:09,0, 0, 143771, 0;
1785221199,06:46:39,0, 0, 143771, 0;
1785221230,06:47:10,0, 0, 143771, 0;
1785221260,06:47:40,0, 0, 143771, 0;
1785221290,06:48:10,0, 0, 143771, 0;
1785221320,06:48:40,0, 0, 143771, 0;
1785221350,06:49:10,0, 0, 143771, 0;
1785221380,06:49:40,0, 0, 143771, 0;
1785221410,06:50:10,0, 0, 143771, 0;
1785221440,06:50:40,0, 0, 143771, 0;
1785221470,06:51:10,0, 0, 143771, 0;
1785221500,06:51:40,0, 0, 143771, 0;
1785221530,06:52:10,0, 0, 143771, 0;
1785221560,06:52:40,0, 0, 143771, 0;
1785221590,06:53:10,0, 0, 143771, 0;
1785221620,06:53:40,0, 0, 143771, 0;
1785221650,06:54:10,0, 0, 143771, 0;
1785221680,06:54:40,0, 0, 143771, 0;
1785221710,06:55:10,0, 0, 143771, 0;
1785221740,06:55:40,0, 0, 143771, 0;
1785221770,06:56:10,0, 0, 143771, 0;
1785221800,06:56:40,0, 0, 143771, 0;
1785221830,06:57:10,0, 0, 143771, 0;
1785221860,06:57:40,0, 0, 143771, 0;
1785221891,06:58:11,0, 0, 143771, 0;
1785221921,06:58:41,0, 0, 143771, 0;
1785221951,06:59:11,0, 0, 143771, 0;
1785221981,06:59:41,0, 0, 143771, 0;
1785222011,07:00:11,0, 0, 143771, 0;
1785222041,07:00:41,0, 0, 143771, 0;
1785222071,07:01:11,0, 0, 143771, 0;
1785222101,07:01:41,0, 0, 143771, 0;
1785222131,07:02:11,0, 0, 143771, 0;
1785222161,07:02:41,0, 0, 143771, 0;
1785222191,07:03:11,0, 0, 143771, 0;
1785222221,07:03:41,0, 0, 143771, 0;
1785222251,07:04:11,0, 0, 143771, 0;
1785222281,07:04:41,0, 0, 143771, 0;
1785222311,07:05:11,0, 0, 143771, 0;
1785222341,07:05:41,0, 0, 143771, 0;
1785222371,07:06:11,0, 0, 143771, 0;
1785222401,07:06:41,0, 0, 143771, 0;
1785222431,07:07:11,0, 0, 143771, 0;
1785222461,07:07:41,0, 0, 143771, 0;
1785222491,07:08:11,0, 0, 143771, 0;
1785222521,07:08:41,0, 0, 143771, 0;
1785222551,07:09:11,0, 0, 143771, 0;
1785222582,07:09:42,0, 0, 143771, 0;
1785222612,07:10:12,0, 0, 143771, 0;
1785222642,07:10:42,0, 0, 143771, 0;
1785222672,07:11:12,0, 0, 143771, 0;
1785222702,07:11:42,0, 0, 143771, 0;
1785222732,07:12:12,0, 0, 143771, 0;
1785222762,07:12:42,0, 0, 143771, 0;
1785222792,07:13:12,0, 0, 143771, 0;
1785222822,07:13:42,0, 0, 143771, 0;
1785222852,07:14:12,0, 0, 143771, 0;
1785222882,07:14:42,0, 0, 143771, 0;
1785222912,07:15:12,0, 0, 143771, 0;
1785222942,07:15:42,0, 0, 143771, 0;
1785222972,07:16:12,0, 0, 143771, 0;
1785223002,07:16:42,0, 0, 143771, 0;
1785223032,07:17:12,0, 0, 143771, 0;
1785223062,07:17:42,0, 0, 143771, 0;
1785223092,07:18:12,0, 0, 143771, 0;
1785223122,07:18:42,0, 0, 143771, 0;
1785223152,07:19:12,0, 0, 143771, 0;
1785223182,07:19:42,0, 0, 143771, 0;
1785223212,07:20:12,0, 0, 143771, 0;
1785223242,07:20:42,0, 0, 143771, 0;
1785223273,07:21:13,0, 0, 143771, 0;
1785223303,07:21:43,0, 0, 143771, 0;
1785223333,07:22:13,0, 0, 143771, 0;
1785223363,07:22:43,0, 0, 143771, 0;
1785223393,07:23:13,0, 0, 143771, 0;
1785223423,07:23:43,0, 0, 143771, 0;
1785223453,07:24:13,0, 0, 143771, 0;
1785223483,07:24:43,0, 0, 143771, 0;
1785223513,07:25:13,0, 0, 143771, 0;
1785223543,07:25:43,0, 0, 143771, 0;
1785223573,07:26:13,0, 0, 143771, 0;
1785223603,07:26:43,0, 0, 143771, 0;
1785223633,07:27:13,0, 0, 143771, 0;
1785223663,07:27:43,0, 0, 143771, 0;
1785223693,07:28:13,0, 0, 143771, 0;
1785223723,07:28:43,0, 0, 143771, 0;
1785223753,07:29:13,0, 0, 143771, 0;
1785223783,07:29:43,0, 0, 143771, 0;
1785223813,07:30:13,0, 0, 143771, 0;
1785223843,07:30:43,0, 0, 143771, 0;
1785223873,07:31:13,0, 0, 143771, 0;
1785223903,07:31:43,0, 0, 143771, 0;
1785223934,07:32:14,0, 0, 143771, 0;
1785223964,07:32:44,0, 0, 143771, 0;
1785223994,07:33:14,0, 0, 143771, 0;
1785224024,07:33:44,0, 0, 143771, 0;
1785224054,07:34:14,0, 0, 143771, 0;
1785224084,07:34:44,0, 0, 143771, 0;
1785224114,07:35:14,0, 0, 143771, 0;
1785224144,07:35:44,0, 0, 143771, 0;
1785224174,07:36:14,0, 0, 143771, 0;
1785224204,07:36:44,0, 0, 143771, 0;
1785224234,07:37:14,0, 0, 143771, 0;
1785224264,07:37:44,0, 0, 143771, 0;
1785224294,07:38:14,0, 0, 143771, 0;
1785224324,07:38:44,0, 0, 143771, 0;
1785224354,07:39:14,0, 0, 143771, 0;
1785224384,07:39:44,0, 0, 143771, 0;
1785224414,07:40:14,0, 0, 143771, 0;
1785224444,07:40:44,0, 0, 143771, 0;
1785224474,07:41:14,0, 0, 143771, 0;
1785224504,07:41:44,0, 0, 143771, 0;
1785224534,07:42:14,0, 0, 143771, 0;
1785224564,07:42:44,0, 0, 143771, 0;
1785224594,07:43:14,0, 0, 143771, 0;
1785224624,07:43:44,0, 0, 143771, 0;
1785224655,07:44:15,0, 0, 143771, 0;
1785224685,07:44:45,0, 0, 143771, 0;
1785224715,07:45:15,0, 0, 143771, 0;
1785224745,07:45:45,0, 0, 143771, 0;
1785224775,07:46:15,0, 0, 143771, 0;
1785224805,07:46:45,0, 0, 143771, 0;
1785224835,07:47:15,0, 0, 143771, 0;
1785224865,07:47:45,0, 0, 143771, 0;
1785224895,07:48:15,0, 0, 143771, 0;
1785224925,07:48:45,0, 0, 143771, 0;
1785224955,07:49:15,0, 0, 143771, 0;
1785224985,07:49:45,0, 0, 143771, 0;
1785225015,07:50:15,0, 0, 143771, 0;
1785225045,07:50:45,0, 0, 143771, 0;
1785225075,07:51:15,0, 0, 143771, 0;
1785225105,07:51:45,0, 0, 143771, 0;
1785225135,07:52:15,0, 0, 143771, 0;
1785225165,07:52:45,0, 0, 143771, 0;
1785225195,07:53:15,0, 0, 143771, 0;
1785225225,07:53:45,0, 0, 143771, 0;
1785225255,07:54:15,0, 0, 143771, 0;
1785225285,07:54:45,0, 0, 143771, 0;
1785225315,07:55:15,0, 0, 143771, 0;
1785225346,07:55:46,0, 0, 143771, 0;
1785225376,07:56:16,0, 0, 143771, 0;
1785225406,07:56:46,0, 0, 143771, 0;
1785225436,07:57:16,0, 0, 143771, 0;
1785225466,07:57:46,0, 0, 143771, 0;
1785225496,07:58:16,0, 0, 143771, 0;
1785225526,07:58:46,0, 0, 143771, 0;
1785225556,07:59:16,0, 0, 143771, 0;
1785225586,07:59:46,0, 0, 143771, 0;
1785225616,08:00:16,0, 0, 143771, 0;
1785225646,08:00:46,0, 0, 143771, 0;
1785225676,08:01:16,0, 0, 143771, 0;
1785225706,08:01:46,0, 0, 143771, 0;
1785225736,08:02:16,0, 0, 143771, 0;
1785225766,08:02:46,0, 0, 143771, 0;
1785225796,08:03:16,0, 0, 143771, 0;
1785225826,08:03:46,0, 0, 143771, 0;
1785225856,08:04:16,0, 0, 143771, 0;
1785225886,08:04:46,0, 0, 143771, 0;
1785225916,08:05:16,0, 0, 143771, 0;
1785225946,08:05:46,0, 0, 143771, 0;
1785225976,08:06:16,0, 0, 143771, 0;
1785226006,08:06:46,0, 0, 143771, 0;
1785226037,08:07:17,0, 0, 143771, 0;
1785226067,08:07:47,0, 0, 143771, 0;
1785226097,08:08:17,0, 0, 143771, 0;
1785226127,08:08:47,0, 0, 143771, 0;
1785226157,08:09:17,0, 0, 143771, 0;
1785226187,08:09:47,0, 0, 143771, 0;
1785226217,08:10:17,0, 0, 143771, 0;
1785226247,08:10:47,0, 0, 143771, 0;
1785226277,08:11:17,0, 0, 143771, 0;
1785226307,08:11:47,0, 0, 143771, 0;
1785226337,08:12:17,0, 0, 143771, 0;
1785226367,08:12:47,0, 0, 143771, 0;
1785226397,08:13:17,0, 0, 143771, 0;
1785226427,08:13:47,0, 0, 143771, 0;
1785226457,08:14:17,0, 0, 143771, 0;
1785226487,08:14:47,0, 0, 143771, 0;
1785226517,08:15:17,0, 0, 143771, 0;
1785226547,08:15:47,0, 0, 143771, 0;
1785226577,08:16:17,0, 0, 143771, 0;
1785226607,08:16:47,0, 0, 143771, 0;
1785226637,08:17:17,0, 0, 143771, 0;
1785226667,08:17:47,0, 0, 143771, 0;
1785226697,08:18:17,0, 0, 143771, 0;
1785226728,08:18:48,0, 0, 143771, 0;
1785226758,08:19:18,0, 0, 143771, 0;
1785226788,08:19:48,0, 0, 143771, 0;
1785226818,08:20:18,0, 0, 143771, 0;
1785226848,08:20:48,0, 0, 143771, 0;
1785226878,08:21:18,0, 0, 143771, 0;
1785226908,08:21:48,0, 0, 143771, 0;
1785226938,08:22:18,0, 0, 143771, 0;
1785226968,08:22:48,0, 0, 143771, 0;
1785226998,08:23:18,0, 0, 143771, 0;
1785227028,08:23:48,0, 0, 143771, 0;
1785227058,08:24:18,0, 0, 143771, 0;
1785227088,08:24:48,0, 0, 143771, 0;
1785227118,08:25:18,0, 0, 143771, 0;
1785227148,08:25:48,0, 0, 143771, 0;
1785227178,08:26:18,0, 0, 143771, 0;
1785227208,08:26:48,0, 0, 143771, 0;
1785227238,08:27:18,0, 0, 143771, 0;
1785227268,08:27:48,0, 0, 143771, 0;
1785227298,08:28:18,0, 0, 143771, 0;
1785227328,08:28:48,0, 0, 143771, 0;
1785227358,08:29:18,0, 0, 143771, 0;
1785227388,08:29:48,0, 0, 143771, 0;
1785227419,08:30:19,0, 0, 143771, 0;
1785227449,08:30:49,0, 0, 143771, 0;
1785227479,08:31:19,0, 0, 143771, 0;
1785227509,08:31:49,0, 0, 143771, 0;
1785227539,08:32:19,0, 0, 143771, 0;
1785227569,08:32:49,0, 0, 143771, 0;
1785227599,08:33:19,0, 0, 143771, 0;
1785227629,08:33:49,0, 0, 143771, 0;
1785227659,08:34:19,0, 0, 143771, 0;
1785227689,08:34:49,0, 0, 143771, 0;
1785227719,08:35:19,0, 0, 143771, 0;
1785227749,08:35:49,0, 0, 143771, 0;
1785227779,08:36:19,0, 0, 143771, 0;
1785227809,08:36:49,0, 0, 143771, 0;
1785227839,08:37:19,0, 0, 143771, 0;
1785227869,08:37:49,0, 0, 143771, 0;
1785227899,08:38:19,0, 0, 143771, 0;
1785227929,08:38:49,0, 0, 143771, 0;
1785227959,08:39:19,0, 0, 143771, 0;
1785227989,08:39:49,0, 0, 143771, 0;
1785228019,08:40:19,0, 0, 143771, 0;
1785228049,08:40:49,0, 0, 143771, 0;
1785228079,08:41:19,0, 0, 143771, 0;
1785228110,08:41:50,0, 0, 143771, 0;
1785228140,08:42:20,0, 0, 143771, 0;
1785228170,08:42:50,0, 0, 143771, 0;
1785228200,08:43:20,0, 0, 143771, 0;
1785228230,08:43:50,0, 0, 143771, 0;
1785228260,08:44:20,0, 0, 143771, 0;
1785228290,08:44:50,0, 0, 143771, 0;
1785228320,08:45:20,0, 0, 143771, 0;
1785228350,08:45:50,0, 0, 143771, 0;
1785228380,08:46:20,0, 0, 143771, 0;
1785228410,08:46:50,0, 0, 143771, 0;
1785228440,08:47:20,0, 0, 143771, 0;
1785228470,08:47:50,0, 0, 143771, 0;
1785228500,08:48:20,0, 0, 143771, 0;
1785228530,08:48:50,0, 0, 143771, 0;
1785228560,08:49:20,0, 0, 143771, 0;
1785228590,08:49:50,0, 0, 143771, 0;
1785228620,08:50:20,0, 0, 143771, 0;
1785228650,08:50:50,0, 0, 143771, 0;
1785228680,08:51:20,0, 0, 143771, 0;
1785228710,08:51:50,0, 0, 143771, 0;
1785228740,08:52:20,0, 0, 143771, 0;
1785228770,08:52:50,0, 0, 143771, 0;
1785228801,08:53:21,0, 0, 143771, 0;
1785228831,08:53:51,0, 0, 143771, 0;
1785228861,08:54:21,0, 0, 143771, 0;
1785228891,08:54:51,0, 0, 143771, 0;
1785228921,08:55:21,0, 0, 143771, 0;
1785228951,08:55:51,0, 0, 143771, 0;
1785228981,08:56:21,0, 0, 143771, 0;
1785229011,08:56:51,0, 0, 143771, 0;
1785229041,08:57:21,0, 0, 143771, 0;
1785229071,08:57:51,0, 0, 143771, 0;
1785229101,08:58:21,0, 0, 143771, 0;
1785229131,08:58:51,0, 0, 143771, 0;
1785229161,08:59:21,0, 0, 143771, 0;
1785229191,08:59:51,0, 0, 143771, 0;
1785229221,09:00:21,0, 0, 143771, 0;
1785229251,09:00:51,0, 0, 143771, 0;
1785229281,09:01:21,0, 0, 143771, 0;
1785229311,09:01:51,0, 0, 143771, 0;
1785229341,09:02:21,0, 0, 143771, 0;
1785229371,09:02:51,0, 0, 143771, 0;
1785229401,09:03:21,0, 0, 143771, 0;
1785229431,09:03:51,0, 0, 143771, 0;
1785229461,09:04:21,0, 0, 143771, 0;
1785229492,09:04:52,0, 0, 143771, 0;
1785229522,09:05:22,0, 0, 143771, 0;
1785229552,09:05:52,0, 0, 143771, 0;
1785229582,09:06:22,0, 0, 143771, 0;
1785229612,09:06:52,0, 0, 143771, 0;
1785229642,09:07:22,0, 0, 143771, 0;
1785229672,09:07:52,0, 0, 143771, 0;
1785229702,09:08:22,0, 0, 143771, 0;
1785229732,09:08:52,0, 0, 143771, 0;
1785229762,09:09:22,0, 0, 143771, 0;
1785229792,09:09:52,0, 0, 143771, 0;
1785229822,09:10:22,0, 0, 143771, 0;
1785229852,09:10:52,0, 0, 143771, 0;
1785229882,09:11:22,0, 0, 143771, 0;
1785229912,09:11:52,0, 0, 143771, 0;
1785229942,09:12:22,0, 0, 143771, 0;
1785229972,09:12:52,0, 0, 143771, 0;
1785230002,09:13:22,0, 0, 143771, 0;
1785230032,09:13:52,0, 0, 143771, 0;
1785230062,09:14:22,0, 0, 143771, 0;
1785230092,09:14:52,0, 0, 143771, 0;
1785230122,09:15:22,0, 0, 143771, 0;
1785230153,09:15:53,0, 0, 143771, 0;
1785230183,09:16:23,0, 0, 143771, 0;
1785230213,09:16:53,0, 0, 143771, 0;
1785230243,09:17:23,0, 0, 143771, 0;
1785230273,09:17:53,0, 0, 143771, 0;
1785230303,09:18:23,0, 0, 143771, 0;
1785230333,09:18:53,0, 0, 143771, 0;
1785230363,09:19:23,0, 0, 143771, 0;
1785230393,09:19:53,0, 0, 143771, 0;
1785230423,09:20:23,0, 0, 143771, 0;
1785230453,09:20:53,0, 0, 143771, 0;
1785230483,09:21:23,0, 0, 143771, 0;
1785230513,09:21:53,0, 0, 143771, 0;
1785230543,09:22:23,0, 0, 143771, 0;
1785230573,09:22:53,0, 0, 143771, 0;
1785230603,09:23:23,0, 0, 143771, 0;
1785230633,09:23:53,0, 0, 143771, 0;
1785230663,09:24:23,0, 0, 143771, 0;
1785230693,09:24:53,0, 0, 143771, 0;
1785230723,09:25:23,0, 0, 143771, 0;
1785230753,09:25:53,0, 0, 143771, 0;
1785230783,09:26:23,0, 0, 143771, 0;
1785230813,09:26:53,0, 0, 143771, 0;
1785230844,09:27:24,0, 0, 143771, 0;
1785230874,09:27:54,0, 0, 143771, 0;
1785230904,09:28:24,0, 0, 143771, 0;
1785230934,09:28:54,0, 0, 143771, 0;
1785230964,09:29:24,0, 0, 143771, 0;
1785230994,09:29:54,0, 0, 143771, 0;
1785231024,09:30:24,0, 0, 143771, 0;
1785231054,09:30:54,0, 0, 143771, 0;
1785231084,09:31:24,0, 0, 143771, 0;
1785231114,09:31:54,0, 0, 143771, 0;
1785231144,09:32:24,0, 0, 143771, 0;
1785231174,09:32:54,0, 0, 143771, 0;
1785231204,09:33:24,0, 0, 143771, 0;
1785231234,09:33:54,0, 0, 143771, 0;
1785231264,09:34:24,0, 0, 143771, 0;
1785231294,09:34:54,0, 0, 143771, 0;
1785231324,09:35:24,0, 0, 143771, 0;
1785231354,09:35:54,0, 0, 143771, 0;
1785231384,09:36:24,0, 0, 143771, 0;
1785231414,09:36:54,0, 0, 143771, 0;
1785231444,09:37:24,0, 0, 143771, 0;
1785231474,09:37:54,0, 0, 143771, 0;
1785231504,09:38:24,0, 0, 143771, 0;
1785231535,09:38:55,0, 0, 143771, 0;
1785231565,09:39:25,0, 0, 143771, 0;
1785231595,09:39:55,0, 0, 143771, 0;
1785231625,09:40:25,0, 0, 143771, 0;
1785231655,09:40:55,0, 0, 143771, 0;
1785231685,09:41:25,0, 0, 143771, 0;
1785231715,09:41:55,0, 0, 143771, 0;
1785231745,09:42:25,0, 0, 143771, 0;
1785231775,09:42:55,0, 0, 143771, 0;
1785231805,09:43:25,0, 0, 143771, 0;
1785231835,09:43:55,0, 0, 143771, 0;
1785231865,09:44:25,0, 0, 143771, 0;
1785231895,09:44:55,0, 0, 143771, 0;
1785231925,09:45:25,0, 0, 143771, 0;
1785231955,09:45:55,0, 0, 143771, 0;
1785231985,09:46:25,0, 0, 143771, 0;
1785232015,09:46:55,0, 0, 143771, 0;
1785232045,09:47:25,0, 0, 143771, 0;
1785232075,09:47:55,0, 0, 143771, 0;
1785232105,09:48:25,0, 0, 143771, 0;
1785232135,09:48:55,0, 0, 143771, 0;
1785232165,09:49:25,0, 0, 143771, 0;
1785232195,09:49:55,0, 0, 143771, 0;
1785232226,09:50:26,0, 0, 143771, 0;
1785232256,09:50:56,0, 0, 143771, 0;
1785232286,09:51:26,0, 0, 143771, 0;
1785232316,09:51:56,0, 0, 143771, 0;
1785232346,09:52:26,0, 0, 143771, 0;
1785232376,09:52:56,0, 0, 143771, 0;
1785232406,09:53:26,0, 0, 143771, 0;
1785232436,09:53:56,0, 0, 143771, 0;
1785232466,09:54:26,0, 0, 143771, 0;
1785232496,09:54:56,0, 0, 143771, 0;
1785232526,09:55:26,0, 0, 143771, 0;
1785232556,09:55:56,0, 0, 143771, 0;
1785232586,09:56:26,0, 0, 143771, 0;
1785232616,09:56:56,0, 0, 143771, 0;
1785232646,09:57:26,0, 0, 143771, 0;
1785232676,09:57:56,0, 0, 143771, 0;
1785232706,09:58:26,0, 0, 143771, 0;
1785232736,09:58:56,0, 0, 143771, 0;
1785232766,09:59:26,0, 0, 143771, 0;
1785232796,09:59:56,0, 0, 143771, 0;
1785232826,10:00:26,0, 0, 143771, 0;
1785232856,10:00:56,0, 0, 143771, 0;
1785232886,10:01:27,0, 0, 143771, 0;
1785232917,10:01:57,0, 0, 143771, 0;
1785232947,10:02:27,0, 0, 143771, 0;
1785232977,10:02:57,0, 0, 143771, 0;
1785233007,10:03:27,0, 0, 143771, 0;
1785233037,10:03:57,0, 0, 143771, 0;
1785233067,10:04:27,0, 0, 143771, 0;
1785233097,10:04:57,0, 0, 143771, 0;
1785233127,10:05:27,0, 0, 143771, 0;
1785233157,10:05:57,0, 0, 143771, 0;
1785233187,10:06:27,0, 0, 143771, 0;
1785233217,10:06:57,0, 0, 143771, 0;
1785233247,10:07:27,0, 0, 143771, 0;
1785233277,10:07:57,0, 0, 143771, 0;
1785233307,10:08:27,0, 0, 143771, 0;
1785233337,10:08:57,0, 0, 143771, 0;
1785233367,10:09:27,0, 0, 143771, 0;
1785233397,10:09:57,0, 0, 143771, 0;
1785233427,10:10:27,0, 0, 143771, 0;
1785233457,10:10:57,0, 0, 143771, 0;
1785233487,10:11:27,0, 0, 143771, 0;
1785233517,10:11:57,0, 0, 143771, 0;
1785233547,10:12:27,0, 0, 143771, 0;
1785233578,10:12:58,0, 0, 143771, 0;
1785233608,10:13:28,0, 0, 143771, 0;
1785233638,10:13:58,0, 0, 143771, 0;
1785233668,10:14:28,0, 0, 143771, 0;
1785233698,10:14:58,0, 0, 143771, 0;
1785233728,10:15:28,0, 0, 143771, 0;
1785233758,10:15:58,0, 0, 143771, 0;
1785233788,10:16:28,0, 0, 143771, 0;
1785233818,10:16:58,0, 0, 143771, 0;
1785233848,10:17:28,0, 0, 143771, 0;
1785233878,10:17:58,0, 0, 143771, 0;
1785233908,10:18:28,0, 0, 143771, 0;
1785233938,10:18:58,0, 0, 143771, 0;
1785233968,10:19:28,0, 0, 143771, 0;
1785233998,10:19:58,0, 0, 143771, 0;
1785234028,10:20:28,0, 0, 143771, 0;
1785234058,10:20:58,0, 0, 143771, 0;
1785234088,10:21:28,0, 0, 143771, 0;
1785234118,10:21:58,0, 0, 143771, 0;
1785234148,10:22:28,0, 0, 143771, 0;
1785234178,10:22:58,0, 0, 143771, 0;
1785234208,10:23:28,0, 0, 143771, 0;
1785234238,10:23:58,0, 0, 143771, 0;
1785234269,10:24:29,0, 0, 143771, 0;
1785234299,10:24:59,0, 0, 143771, 0;
1785234329,10:25:29,0, 0, 143771, 0;
1785234359,10:25:59,0, 0, 143771, 0;
1785234389,10:26:29,0, 0, 143771, 0;
1785234419,10:26:59,0, 0, 143771, 0;
1785234449,10:27:29,0, 0, 143771, 0;
1785234479,10:27:59,0, 0, 143771, 0;
1785234509,10:28:29,0, 0, 143771, 0;
1785234539,10:28:59,0, 0, 143771, 0;
1785234569,10:29:29,0, 0, 143771, 0;
1785234599,10:29:59,0, 0, 143771, 0;
1785234629,10:30:29,0, 0, 143771, 0;
1785234659,10:30:59,0, 0, 143771, 0;
1785234689,10:31:29,0, 0, 143771, 0;
1785234719,10:31:59,0, 0, 143771, 0;
1785234749,10:32:29,0, 0, 143771, 0;
1785234779,10:32:59,0, 0, 143771, 0;
1785234809,10:33:29,0, 0, 143771, 0;
1785234839,10:33:59,0, 0, 143771, 0;
1785234869,10:34:29,0, 0, 143771, 0;
1785234899,10:34:59,0, 0, 143771, 0;
1785234929,10:35:29,0, 0, 143771, 0;
1785234960,10:36:00,0, 0, 143771, 0;
1785234990,10:36:30,0, 0, 143771, 0;
1785235020,10:37:00,0, 0, 143771, 0;
1785235050,10:37:30,0, 0, 143771, 0;
1785235080,10:38:00,0, 0, 143771, 0;
1785235110,10:38:30,0, 0, 143771, 0;
1785235140,10:39:00,0, 0, 143771, 0;
1785235170,10:39:30,0, 0, 143771, 0;
1785235200,10:40:00,0, 0, 143771, 0;
1785235230,10:40:30,0, 0, 143771, 0;
1785235260,10:41:00,0, 0, 143771, 0;
1785235290,10:41:30,0, 0, 143771, 0;
1785235320,10:42:00,0, 0, 143771, 0;
1785235350,10:42:30,0, 0, 143771, 0;
1785235380,10:43:00,0, 0, 143771, 0;
1785235410,10:43:30,0, 0, 143771, 0;
1785235440,10:44:00,0, 0, 143771, 0;
1785235470,10:44:30,0, 0, 143771, 0;
1785235500,10:45:00,0, 0, 143771, 0;
1785235530,10:45:30,0, 0, 143771, 0;
1785235560,10:46:00,0, 0, 143771, 0;
1785235590,10:46:30,0, 0, 143771, 0;
1785235620,10:47:00,0, 0, 143771, 0;
1785235651,10:47:31,0, 0, 143771, 0;
1785235681,10:48:01,0, 0, 143771, 0;
1785235711,10:48:31,0, 0, 143771, 0;
1785235741,10:49:01,0, 0, 143771, 0;
1785235771,10:49:31,0, 0, 143771, 0;
1785235801,10:50:01,0, 0, 143771, 0;
1785235831,10:50:31,0, 0, 143771, 0;
1785235861,10:51:01,0, 0, 143771, 0;
1785235891,10:51:31,0, 0, 143771, 0;
1785235921,10:52:01,0, 0, 143771, 0;
1785235951,10:52:31,0, 0, 143771, 0;
1785235981,10:53:01,0, 0, 143771, 0;
1785236011,10:53:31,0, 0, 143771, 0;
1785236041,10:54:01,0, 0, 143771, 0;
1785236071,10:54:31,0, 0, 143771, 0;
1785236101,10:55:01,0, 0, 143771, 0;
1785236131,10:55:31,0, 0, 143771, 0;
1785236161,10:56:01,0, 0, 143771, 0;
1785236191,10:56:31,0, 0, 143771, 0;
1785236221,10:57:01,0, 0, 143771, 0;
1785236251,10:57:31,0, 0, 143771, 0;
1785236281,10:58:01,0, 0, 143771, 0;
1785236311,10:58:31,0, 0, 143771, 0;
1785236342,10:59:02,0, 0, 143771, 0;
1785236372,10:59:32,0, 0, 143771, 0;
1785236402,11:00:02,0, 0, 143771, 0;
1785236432,11:00:32,0, 0, 143771, 0;
1785236462,11:01:02,0, 0, 143771, 0;
1785236492,11:01:32,0, 0, 143771, 0;
1785236522,11:02:02,0, 0, 143771, 0;
1785236552,11:02:32,0, 0, 143771, 0;
1785236582,11:03:02,0, 0, 143771, 0;
1785236612,11:03:32,0, 0, 143771, 0;
1785236642,11:04:02,0, 0, 143771, 0;
1785236672,11:04:32,0, 0, 143771, 0;
1785236702,11:05:02,0, 0, 143771, 0;
1785236732,11:05:32,0, 0, 143771, 0;
1785236762,11:06:02,0, 0, 143771, 0;
1785236792,11:06:32,0, 0, 143771, 0;
1785236822,11:07:02,0, 0, 143771, 0;
1785236852,11:07:32,0, 0, 143771, 0;
1785236882,11:08:02,0, 0, 143771, 0;
1785236912,11:08:32,0, 0, 143771, 0;
1785236942,11:09:02,0, 0, 143771, 0;
1785236972,11:09:32,0, 0, 143771, 0;
1785237003,11:10:03,0, 0, 143771, 0;
1785237033,11:10:33,0, 0, 143771, 0;
1785237063,11:11:03,0, 0, 143771, 0;
1785237093,11:11:33,0, 0, 143771, 0;
1785237123,11:12:03,0, 0, 143771, 0;
1785237153,11:12:33,0, 0, 143771, 0;
1785237183,11:13:03,0, 0, 143771, 0;
1785237213,11:13:33,0, 0, 143771, 0;
1785237243,11:14:03,0, 0, 143771, 0;
1785237273,11:14:33,0, 0, 143771, 0;
1785237303,11:15:03,0, 0, 143771, 0;
1785237333,11:15:33,0, 0, 143771, 0;
1785237363,11:16:03,0, 0, 143771, 0;
1785237393,11:16:33,0, 0, 143771, 0;
1785237423,11:17:03,0, 0, 143771, 0;
1785237453,11:17:33,0, 0, 143771, 0;
1785237483,11:18:03,0, 0, 143771, 0;
1785237513,11:18:33,0, 0, 143771, 0;
1785237543,11:19:03,0, 0, 143771, 0;
1785237573,11:19:33,0, 0, 143771, 0;
1785237603,11:20:03,0, 0, 143771, 0;
1785237633,11:20:33,0, 0, 143771, 0;
1785237664,11:21:04,0, 0, 143771, 0;
1785237694,11:21:34,0, 0, 143771, 0;
1785237724,11:22:04,0, 0, 143771, 0;
1785237754,11:22:34,0, 0, 143771, 0;
1785237784,11:23:04,0, 0, 143771, 0;
1785237814,11:23:34,0, 0, 143771, 0;
1785237844,11:24:04,0, 0, 143771, 0;
1785237874,11:24:34,0, 0, 143771, 0;
1785237904,11:25:04,0, 0, 143771, 0;
1785237934,11:25:34,0, 0, 143771, 0;
1785237964,11:26:04,0, 0, 143771, 0;
1785237994,11:26:34,0, 0, 143771, 0;
1785238024,11:27:04,0, 0, 143771, 0;
1785238054,11:27:34,0, 0, 143771, 0;
1785238084,11:28:04,0, 0, 143771, 0;
1785238114,11:28:34,0, 0, 143771, 0;
1785238144,11:29:04,0, 0, 143771, 0;
1785238174,11:29:34,0, 0, 143771, 0;
1785238204,11:30:04,0, 0, 143771, 0;
1785238234,11:30:34,0, 0, 143771, 0;
1785238264,11:31:04,0, 0, 143771, 0;
1785238294,11:31:34,0, 0, 143771, 0;
1785238324,11:32:04,0, 0, 143771, 0;
1785238355,11:32:35,0, 0, 143771, 0;
1785238385,11:33:05,0, 0, 143771, 0;
1785238415,11:33:35,0, 0, 143771, 0;
1785238445,11:34:05,0, 0, 143771, 0;
1785238475,11:34:35,0, 0, 143771, 0;
1785238505,11:35:05,0, 0, 143771, 0;
1785238535,11:35:35,0, 0, 143771, 0;
1785238565,11:36:05,0, 0, 143771, 0;
1785238595,11:36:35,0, 0, 143771, 0;
1785238625,11:37:05,0, 0, 143771, 0;
1785238655,11:37:35,0, 0, 143771, 0;
1785238685,11:38:05,0, 0, 143771, 0;
1785238715,11:38:35,0, 0, 143771, 0;
1785238745,11:39:05,0, 0, 143771, 0;
1785238775,11:39:35,0, 0, 143771, 0;
1785238805,11:40:05,0, 0, 143771, 0;
1785238835,11:40:35,0, 0, 143771, 0;
1785238865,11:41:05,0, 0, 143771, 0;
1785238895,11:41:35,0, 0, 143771, 0;
1785238925,11:42:05,0, 0, 143771, 0;
1785238955,11:42:35,0, 0, 143771, 0;
1785238985,11:43:05,0, 0, 143771, 0;
1785239015,11:43:35,0, 0, 143771, 0;
1785239045,11:44:05,0, 0, 143771, 0;
1785239076,11:44:36,0, 0, 143771, 0;
1785239106,11:45:06,0, 0, 143771, 0;
1785239136,11:45:36,0, 0, 143771, 0;
1785239166,11:46:06,0, 0, 143771, 0;
1785239196,11:46:36,0, 0, 143771, 0;
1785239226,11:47:06,0, 0, 143771, 0;
1785239256,11:47:36,0, 0, 143771, 0;
1785239286,11:48:06,0, 0, 143771, 0;
1785239316,11:48:36,0, 0, 143771, 0;
1785239346,11:49:06,0, 0, 143771, 0;
1785239376,11:49:36,0, 0, 143771, 0;
1785239406,11:50:06,0, 0, 143771, 0;
1785239436,11:50:36,0, 0, 143771, 0;
1785239466,11:51:06,0, 0, 143771, 0;
1785239496,11:51:36,0, 0, 143771, 0;
1785239526,11:52:06,0, 0, 143771, 0;
1785239556,11:52:36,0, 0, 143771, 0;
1785239586,11:53:06,0, 0, 143771, 0;
1785239616,11:53:36,0, 0, 143771, 0;
1785239646,11:54:06,0, 0, 143771, 0;
1785239676,11:54:36,0, 0, 143771, 0;
1785239706,11:55:06,0, 0, 143771, 0;
1785239736,11:55:36,0, 0, 143771, 0;
1785239767,11:56:07,0, 0, 143771, 0;
1785239797,11:56:37,0, 0, 143771, 0;
1785239827,11:57:07,0, 0, 143771, 0;
1785239857,11:57:37,0, 0, 143771, 0;
1785239887,11:58:07,0, 0, 143771, 0;
1785239917,11:58:37,0, 0, 143771, 0;
1785239947,11:59:07,0, 0, 143771, 0;
1785239977,11:59:37,0, 0, 143771, 0;
1785240007,12:00:07,0, 0, 143771, 0;
1785240037,12:00:37,0, 0, 143771, 0;
1785240067,12:01:07,0, 0, 143771, 0;
1785240097,12:01:37,0, 0, 143771, 0;
1785240127,12:02:07,0, 0, 143771, 0;
1785240157,12:02:37,0, 0, 143771, 0;
1785240187,12:03:07,0, 0, 143771, 0;
1785240217,12:03:37,0, 0, 143771, 0;
1785240247,12:04:07,0, 0, 143771, 0;
1785240277,12:04:37,0, 0, 143771, 0;
1785240307,12:05:07,0, 0, 143771, 0;
1785240337,12:05:37,0, 0, 143771, 0;
1785240367,12:06:07,0, 0, 143771, 0;
1785240397,12:06:37,0, 0, 143771, 0;
1785240427,12:07:07,0, 0, 143771, 0;
1785240457,12:07:37,0, 0, 143771, 0;
1785240488,12:08:08,0, 0, 143771, 0;
1785240518,12:08:38,0, 0, 143771, 0;
1785240548,12:09:08,0, 0, 143771, 0;
1785240578,12:09:38,0, 0, 143771, 0;
1785240608,12:10:08,0, 0, 143771, 0;
1785240638,12:10:38,0, 0, 143771, 0;
1785240668,12:11:08,0, 0, 143771, 0;
1785240698,12:11:38,0, 0, 143771, 0;
1785240728,12:12:08,0, 0, 143771, 0;
1785240758,12:12:38,0, 0, 143771, 0;
1785240788,12:13:08,0, 0, 143771, 0;
1785240818,12:13:38,0, 0, 143771, 0;
1785240848,12:14:08,0, 0, 143771, 0;
1785240878,12:14:38,0, 0, 143771, 0;
1785240908,12:15:08,0, 0, 143771, 0;
1785240938,12:15:38,0, 0, 143771, 0;
1785240968,12:16:08,0, 0, 143771, 0;
1785240998,12:16:38,0, 0, 143771, 0;
1785241028,12:17:08,0, 0, 143771, 0;
1785241058,12:17:38,0, 0, 143771, 0;
1785241088,12:18:08,0, 0, 143771, 0;
1785241118,12:18:38,0, 0, 143771, 0;
1785241148,12:19:08,0, 0, 143771, 0;
1785241179,12:19:39,0, 0, 143771, 0;
1785241209,12:20:09,0, 0, 143771, 0;
1785241239,12:20:39,0, 0, 143771, 0;
1785241269,12:21:09,0, 0, 143771, 0;
1785241299,12:21:39,0, 0, 143771, 0;
1785241329,12:22:09,0, 0, 143771, 0;
1785241359,12:22:39,0, 0, 143771, 0;
1785241389,12:23:09,0, 0, 143771, 0;
1785241419,12:23:39,0, 0, 143771, 0;
1785241449,12:24:09,0, 0, 143771, 0;
1785241479,12:24:39,0, 0, 143771, 0;
1785241509,12:25:09,0, 0, 143771, 0;
1785241539,12:25:39,0, 0, 143771, 0;
1785241569,12:26:09,0, 0, 143771, 0;
1785241599,12:26:39,0, 0, 143771, 0;
1785241629,12:27:09,0, 0, 143771, 0;
1785241659,12:27:39,0, 0, 143771, 0;
1785241689,12:28:09,0, 0, 143771, 0;
1785241719,12:28:39,0, 0, 143771, 0;
1785241749,12:29:09,0, 0, 143771, 0;
1785241779,12:29:39,0, 0, 143771, 0;
1785241809,12:30:09,0, 0, 143771, 0;
1785241840,12:30:40,0, 0, 143771, 0;
1785241870,12:31:10,0, 0, 143771, 0;
1785241900,12:31:40,0, 0, 143771, 0;
1785241930,12:32:10,0, 0, 143771, 0;
1785241960,12:32:40,0, 0, 143771, 0;
1785241990,12:33:10,0, 0, 143771, 0;
1785242020,12:33:40,0, 0, 143771, 0;
1785242050,12:34:10,0, 0, 143771, 0;
1785242080,12:34:40,0, 0, 143771, 0;
1785242110,12:35:10,0, 0, 143771, 0;
1785242140,12:35:40,0, 0, 143771, 0;
1785242170,12:36:10,0, 0, 143771, 0;
1785242200,12:36:40,0, 0, 143771, 0;
1785242230,12:37:10,0, 0, 143771, 0;
1785242260,12:37:40,0, 0, 143771, 0;
1785242290,12:38:10,0, 0, 143771, 0;
1785242320,12:38:40,0, 0, 143771, 0;
1785242350,12:39:10,0, 0, 143771, 0;
1785242380,12:39:40,0, 0, 143771, 0;
1785242410,12:40:10,0, 0, 143771, 0;
1785242440,12:40:40,0, 0, 143771, 0;
1785242470,12:41:10,0, 0, 143771, 0;
1785242500,12:41:40,0, 0, 143771, 0;
1785242531,12:42:11,0, 0, 143771, 0;
1785242561,12:42:41,0, 0, 143771, 0;
1785242591,12:43:11,0, 0, 143771, 0;
1785242621,12:43:41,0, 0, 143771, 0;
1785242651,12:44:11,0, 0, 143771, 0;
1785242681,12:44:41,0, 0, 143771, 0;
1785242711,12:45:11,0, 0, 143771, 0;
1785242741,12:45:41,0, 0, 143771, 0;
1785242771,12:46:11,0, 0, 143771, 0;
1785242801,12:46:41,0, 0, 143771, 0;
1785242831,12:47:11,0, 0, 143771, 0;
1785242861,12:47:41,0, 0, 143771, 0;
1785242891,12:48:11,0, 0, 143771, 0;
1785242921,12:48:41,0, 0, 143771, 0;
1785242951,12:49:11,0, 0, 143771, 0;
1785242981,12:49:41,0, 0, 143771, 0;
1785243011,12:50:11,0, 0, 143771, 0;
1785243041,12:50:41,0, 0, 143771, 0;
1785243071,12:51:11,0, 0, 143771, 0;
1785243101,12:51:41,0, 0, 143771, 0;
1785243131,12:52:11,0, 0, 143771, 0;
1785243161,12:52:41,0, 0, 143771, 0;
1785243191,12:53:11,0, 0, 143771, 0;
1785243222,12:53:42,0, 0, 143771, 0;
1785243252,12:54:12,0, 0, 143771, 0;
1785243282,12:54:42,0, 0, 143771, 0;
1785243312,12:55:12,0, 0, 143771, 0;
1785243342,12:55:42,0, 0, 143771, 0;
1785243372,12:56:12,0, 0, 143771, 0;
1785243402,12:56:42,0, 0, 143771, 0;
1785243432,12:57:12,0, 0, 143771, 0;
1785243462,12:57:42,0, 0, 143771, 0;
1785243492,12:58:12,0, 0, 143771, 0;
1785243522,12:58:42,0, 0, 143771, 0;
1785243552,12:59:12,0, 0, 143771, 0;
1785243582,12:59:42,0, 0, 143771, 0;
1785243612,13:00:12,0, 0, 143771, 0;
1785243642,13:00:42,0, 0, 143771, 0;
1785243672,13:01:12,0, 0, 143771, 0;
1785243702,13:01:42,0, 0, 143771, 0;
1785243732,13:02:12,0, 0, 143771, 0;
1785243762,13:02:42,0, 0, 143771, 0;
1785243792,13:03:12,0, 0, 143771, 0;
1785243822,13:03:42,0, 0, 143771, 0;
1785243852,13:04:12,0, 0, 143771, 0;
1785243883,13:04:43,0, 0, 143771, 0;
1785243913,13:05:13,0, 0, 143771, 0;
1785243943,13:05:43,0, 0, 143771, 0;
1785243973,13:06:13,0, 0, 143771, 0;
1785244003,13:06:43,0, 0, 143771, 0;
1785244033,13:07:13,0, 0, 143771, 0;
1785244063,13:07:43,0, 0, 143771, 0;
1785244093,13:08:13,0, 0, 143771, 0;
1785244123,13:08:43,0, 0, 143771, 0;
1785244153,13:09:13,0, 0, 143771, 0;
1785244183,13:09:43,0, 0, 143771, 0;
1785244213,13:10:13,0, 0, 143771, 0;
1785244243,13:10:43,0, 0, 143771, 0;
1785244273,13:11:13,0, 0, 143771, 0;
1785244303,13:11:43,0, 0, 143771, 0;
1785244333,13:12:13,0, 0, 143771, 0;
1785244363,13:12:43,0, 0, 143771, 0;
1785244393,13:13:13,0, 0, 143771, 0;
1785244423,13:13:43,0, 0, 143771, 0;
1785244453,13:14:13,0, 0, 143771, 0;
1785244483,13:14:43,0, 0, 143771, 0;
1785244513,13:15:13,0, 0, 143771, 0;
1785244543,13:15:43,0, 0, 143771, 0;
1785244574,13:16:14,0, 0, 143771, 0;
1785244604,13:16:44,0, 0, 143771, 0;
1785244634,13:17:14,0, 0, 143771, 0;
1785244664,13:17:44,0, 0, 143771, 0;
1785244694,13:18:14,0, 0, 143771, 0;
1785244724,13:18:44,0, 0, 143771, 0;
1785244754,13:19:14,0, 0, 143771, 0;
1785244784,13:19:44,0, 0, 143771, 0;
1785244814,13:20:14,0, 0, 143771, 0;
1785244844,13:20:44,0, 0, 143771, 0;
1785244874,13:21:14,0, 0, 143771, 0;
1785244904,13:21:44,0, 0, 143771, 0;
1785244934,13:22:14,0, 0, 143771, 0;
1785244964,13:22:44,0, 0, 143771, 0;
1785244994,13:23:14,0, 0, 143771, 0;
1785245024,13:23:44,0, 0, 143771, 0;
1785245054,13:24:14,0, 0, 143771, 0;
1785245084,13:24:44,0, 0, 143771, 0;
1785245114,13:25:14,0, 0, 143771, 0;
1785245144,13:25:44,0, 0, 143771, 0;
1785245174,13:26:14,0, 0, 143771, 0;
1785245204,13:26:44,0, 0, 143771, 0;
1785245234,13:27:14,0, 0, 143771, 0;
1785245265,13:27:45,0, 0, 143771, 0;
1785245295,13:28:15,0, 0, 143771, 0;
1785245325,13:28:45,0, 0, 143771, 0;
1785245355,13:29:15,0, 0, 143771, 0;
1785245385,13:29:45,0, 0, 143771, 0;
1785245415,13:30:15,0, 0, 143771, 0;
1785245445,13:30:45,0, 0, 143771, 0;
1785245475,13:31:15,0, 0, 143771, 0;
1785245505,13:31:45,0, 0, 143771, 0;
1785245535,13:32:15,0, 0, 143771, 0;
1785245565,13:32:45,0, 0, 143771, 0;
1785245595,13:33:15,0, 0, 143771, 0;
1785245625,13:33:45,0, 0, 143771, 0;
1785245655,13:34:15,0, 0, 143771, 0;
1785245685,13:34:45,0, 0, 143771, 0;
1785245715,13:35:15,0, 0, 143771, 0;
1785245745,13:35:45,0, 0, 143771, 0;
1785245775,13:36:15,0, 0, 143771, 0;
1785245805,13:36:45,0, 0, 143771, 0;
1785245835,13:37:15,0, 0, 143771, 0;
1785245865,13:37:45,0, 0, 143771, 0;
1785245895,13:38:15,0, 0, 143771, 0;
1785245925,13:38:45,0, 0, 143771, 0;
1785245956,13:39:16,0, 0, 143771, 0;
1785245986,13:39:46,0, 0, 143771, 0;
1785246016,13:40:16,0, 0, 143771, 0;
1785246046,13:40:46,0, 0, 143771, 0;
1785246076,13:41:16,0, 0, 143771, 0;
1785246106,13:41:46,0, 0, 143771, 0;
1785246136,13:42:16,0, 0, 143771, 0;
1785246166,13:42:46,0, 0, 143771, 0;
1785246196,13:43:16,0, 0, 143771, 0;
1785246226,13:43:46,0, 0, 143771, 0;
1785246256,13:44:16,0, 0, 143771, 0;
1785246286,13:44:46,0, 0, 143771, 0;
1785246316,13:45:16,0, 0, 143771, 0;
1785246346,13:45:46,0, 0, 143771, 0;
1785246376,13:46:16,0, 0, 143771, 0;
1785246406,13:46:46,0, 0, 143771, 0;
1785246436,13:47:16,0, 0, 143771, 0;
1785246466,13:47:46,0, 0, 143771, 0;
1785246496,13:48:16,0, 0, 143771, 0;
1785246526,13:48:46,0, 0, 143771, 0;
1785246556,13:49:16,0, 0, 143771, 0;
1785246586,13:49:46,0, 0, 143771, 0;
1785246616,13:50:16,0, 0, 143771, 0;
1785246647,13:50:47,0, 0, 143771, 0;
1785246677,13:51:17,0, 0, 143771, 0;
1785246707,13:51:47,0, 0, 143771, 0;
1785246737,13:52:17,0, 0, 143771, 0;
1785246767,13:52:47,0, 0, 143771, 0;
1785246797,13:53:17,0, 0, 143771, 0;
1785246827,13:53:47,0, 0, 143771, 0;
1785246857,13:54:17,0, 0, 143771, 0;
1785246887,13:54:47,0, 0, 143771, 0;
1785246917,13:55:17,0, 0, 143771, 0;
1785246947,13:55:47,0, 0, 143771, 0;
1785246977,13:56:17,0, 0, 143771, 0;
1785247007,13:56:47,0, 0, 143771, 0;
1785247037,13:57:17,0, 0, 143771, 0;
1785247067,13:57:47,0, 0, 143771, 0;
1785247097,13:58:17,0, 0, 143771, 0;
1785247127,13:58:47,0, 0, 143771, 0;
1785247157,13:59:17,0, 0, 143771, 0;
1785247187,13:59:47,0, 0, 143771, 0;
1785247217,14:00:17,0, 0, 143771, 0;
1785247247,14:00:47,0, 0, 143771, 0;
1785247277,14:01:17,0, 0, 143771, 0;
1785247307,14:01:47,0, 0, 143771, 0;
1785247338,14:02:18,0, 0, 143771, 0;
1785247368,14:02:48,0, 0, 143771, 0;
1785247398,14:03:18,0, 0, 143771, 0;
1785247428,14:03:48,0, 0, 143771, 0;
1785247458,14:04:18,0, 0, 143771, 0;
1785247488,14:04:48,0, 0, 143771, 0;
1785247518,14:05:18,0, 0, 143771, 0;
1785247548,14:05:48,0, 0, 143771, 0;
1785247578,14:06:18,0, 0, 143771, 0;
1785247608,14:06:48,0, 0, 143771, 0;
1785247638,14:07:18,0, 0, 143771, 0;
1785247668,14:07:48,0, 0, 143771, 0;
1785247698,14:08:18,0, 0, 143771, 0;
1785247728,14:08:48,0, 0, 143771, 0;
1785247758,14:09:18,0, 0, 143771, 0;
1785247788,14:09:48,0, 0, 143771, 0;
1785247818,14:10:18,0, 0, 143771, 0;
1785247848,14:10:48,0, 0, 143771, 0;
1785247878,14:11:18,0, 0, 143771, 0;
1785247908,14:11:48,0, 0, 143771, 0;
1785247938,14:12:18,0, 0, 143771, 0;
1785247968,14:12:48,0, 0, 143771, 0;
1785247998,14:13:18,0, 0, 143771, 0;
1785248029,14:13:49,0, 0, 143771, 0;
1785248059,14:14:19,0, 0, 143771, 0;
1785248089,14:14:49,0, 0, 143771, 0;
1785248119,14:15:19,0, 0, 143771, 0;
1785248149,14:15:49,0, 0, 143771, 0;
1785248179,14:16:19,0, 0, 143771, 0;
1785248209,14:16:49,0, 0, 143771, 0;
1785248239,14:17:19,0, 0, 143771, 0;
1785248269,14:17:49,0, 0, 143771, 0;
1785248299,14:18:19,0, 0, 143771, 0;
1785248329,14:18:49,0, 0, 143771, 0;
1785248359,14:19:19,0, 0, 143771, 0;
1785248389,14:19:49,0, 0, 143771, 0;
1785248419,14:20:19,0, 0, 143771, 0;
1785248449,14:20:49,0, 0, 143771, 0;
1785248479,14:21:19,0, 0, 143771, 0;
1785248509,14:21:49,0, 0, 143771, 0;
1785248539,14:22:19,0, 0, 143771, 0;
1785248569,14:22:49,0, 0, 143771, 0;
1785248599,14:23:19,0, 0, 143771, 0;
1785248629,14:23:49,0, 0, 143771, 0;
1785248659,14:24:19,0, 0, 143771, 0;
1785248689,14:24:49,0, 0, 143771, 0;
1785248719,14:25:19,0, 0, 143771, 0;
1785248750,14:25:50,0, 0, 143771, 0;
1785248780,14:26:20,0, 0, 143771, 0;
1785248810,14:26:50,0, 0, 143771, 0;
1785248840,14:27:20,0, 0, 143771, 0;
1785248870,14:27:50,0, 0, 143771, 0;
1785248900,14:28:20,0, 0, 143771, 0;
1785248930,14:28:50,0, 0, 143771, 0;
1785248960,14:29:20,0, 0, 143771, 0;
1785248990,14:29:50,0, 0, 143771, 0;
1785249020,14:30:20,0, 0, 143771, 0;
1785249050,14:30:50,0, 0, 143771, 0;
1785249080,14:31:20,0, 0, 143771, 0;
1785249110,14:31:50,0, 0, 143771, 0;
1785249140,14:32:20,0, 0, 143771, 0;
1785249170,14:32:50,0, 0, 143771, 0;
1785249200,14:33:20,0, 0, 143771, 0;
1785249230,14:33:50,0, 0, 143771, 0;
1785249260,14:34:20,0, 0, 143771, 0;
1785249290,14:34:50,0, 0, 143771, 0;
1785249320,14:35:20,0, 0, 143771, 0;
1785249350,14:35:50,0, 0, 143771, 0;
1785249380,14:36:20,0, 0, 143771, 0;
1785249411,14:36:51,0, 0, 143771, 0;
1785249441,14:37:21,0, 0, 143771, 0;
1785249471,14:37:51,0, 0, 143771, 0;
1785249501,14:38:21,0, 0, 143771, 0;
1785249531,14:38:51,0, 0, 143771, 0;
1785249561,14:39:21,0, 0, 143771, 0;
1785249591,14:39:51,0, 0, 143771, 0;
1785249621,14:40:21,0, 0, 143771, 0;
1785249651,14:40:51,0, 0, 143771, 0;
1785249681,14:41:21,0, 0, 143771, 0;
1785249711,14:41:51,0, 0, 143771, 0;
1785249741,14:42:21,0, 0, 143771, 0;
1785249771,14:42:51,0, 0, 143771, 0;
1785249801,14:43:21,0, 0, 143771, 0;
1785249831,14:43:51,0, 0, 143771, 0;
1785249861,14:44:21,0, 0, 143771, 0;
1785249891,14:44:51,0, 0, 143771, 0;
1785249921,14:45:21,0, 0, 143771, 0;
1785249951,14:45:51,0, 0, 143771, 0;
1785249981,14:46:21,0, 0, 143771, 0;
1785250011,14:46:51,0, 0, 143771, 0;
1785250041,14:47:21,0, 0, 143771, 0;
1785250071,14:47:51,0, 0, 143771, 0;
1785250101,14:48:21,0, 0, 143771, 0;
1785250132,14:48:52,0, 0, 143771, 0;
1785250162,14:49:22,0, 0, 143771, 0;
1785250192,14:49:52,0, 0, 143771, 0;
1785250222,14:50:22,0, 0, 143771, 0;
1785250252,14:50:52,0, 0, 143771, 0;
1785250282,14:51:22,0, 0, 143771, 0;
