phase,timestamp,mem_used_mib
es_vanilla_s0,1787314041,247742
es_vanilla_s0,1787314044,247746
es_vanilla_s0,1787314052,247746
es_vanilla_s0,1787314055,247746
es_vanilla_s0,1787314062,247746
es_vanilla_s0,1787314065,249132
es_baseaxis_s0,1787314072,247746
es_baseaxis_s0,1787314075,247746
es_baseaxis_s0,1787314082,247746
es_baseaxis_s0,1787314085,247746
es_baseaxis_s0,1787314092,247746
idle,1787314095,247746
idle,1787314105,247746
idle,1787314115,247746
idle,1787314125,247746
idle,1787314135,247746
idle,1787314145,247746
idle,1787314155,247746
idle,1787314166,247746
idle,1787314176,247746
idle,1787314186,247746
idle,1787314196,247750
idle,1787314206,247750
idle,1787314216,247750
idle,1787314226,247750
idle,1787314236,247750
idle,1787314246,247750
idle,1787314256,247750
idle,1787314267,247750
idle,1787314277,247750
idle,1787314287,247750
idle,1787314297,247750
idle,1787314307,247750
idle,1787314317,247750
idle,1787314327,247750
idle,1787314337,247750
idle,1787314347,247750
idle,1787314357,247750
idle,1787314367,247750
idle,1787314378,247750
idle,1787314388,247750
idle,1787314398,247750
idle,1787314408,247750
idle,1787314418,247750
idle,1787314428,247750
idle,1787314438,247750
idle,1787314448,247750
idle,1787314458,247750
idle,1787314468,247750
idle,1787314479,247750
idle,1787314489,247750
idle,1787314499,247750
idle,1787314509,247750
idle,1787314519,247750
idle,1787314529,247750
idle,1787314539,247750
idle,1787314549,247750
idle,1787314559,247750
idle,1787314569,247750
idle,1787314579,247750
idle,1787314590,247750
idle,1787314600,247750
idle,1787314610,247750
idle,1787314620,247750
idle,1787314630,247750
idle,1787314640,247750
idle,1787314650,247750
idle,1787314660,247750
idle,1787314670,247750
idle,1787314680,247750
idle,1787314691,247750
idle,1787314701,247750
idle,1787314711,247750
idle,1787314721,247750
idle,1787314731,247750
idle,1787314741,247750
idle,1787314751,247750
idle,1787314761,247750
idle,1787314771,247750
idle,1787314781,247750
idle,1787314791,247750
idle,1787314802,247750
idle,1787314812,247750
idle,1787314822,247750
idle,1787314832,247750
idle,1787314842,247750
idle,1787314852,247750
idle,1787314862,247750
idle,1787314872,247750
idle,1787314882,247750
idle,1787314892,247750
idle,1787314903,247750
idle,1787314913,247750
idle,1787314923,247750
idle,1787314933,247750
idle,1787314943,247750
idle,1787314953,247750
idle,1787314963,247750
idle,1787314973,247750
idle,1787314983,247750
idle,1787314993,247750
idle,1787315004,247750
idle,1787315014,247750
idle,1787315024,247750
idle,1787315034,247750
idle,1787315044,247750
idle,1787315054,247750
idle,1787315064,247750
idle,1787315074,247750
idle,1787315084,247750
idle,1787315094,247750
idle,1787315104,247750
idle,1787315115,247750
idle,1787315125,247750
idle,1787315135,247750
idle,1787315145,247750
idle,1787315155,247750
idle,1787315165,247750
idle,1787315175,247750
idle,1787315185,247750
idle,1787315195,247750
idle,1787315205,247750
idle,1787315216,247750
idle,1787315226,247750
idle,1787315236,247750
idle,1787315246,247750
idle,1787315256,247750
idle,1787315266,247750
idle,1787315276,247750
idle,1787315286,247750
idle,1787315296,247750
idle,1787315306,247750
idle,1787315317,247750
idle,1787315327,247750
idle,1787315337,247750
idle,1787315347,247750
idle,1787315357,247750
idle,1787315367,247750
idle,1787315377,247750
idle,1787315387,247750
idle,1787315397,247750
idle,1787315407,247750
idle,1787315418,247750
idle,1787315428,247750
idle,1787315438,247750
idle,1787315448,247750
idle,1787315458,247750
idle,1787315468,247750
idle,1787315478,247750
idle,1787315488,247750
idle,1787315498,247750
idle,1787315508,247750
idle,1787315519,247750
idle,1787315529,247750
idle,1787315539,247750
idle,1787315549,247750
idle,1787315559,247750
idle,1787315569,247750
idle,1787315579,247750
idle,1787315589,247750
idle,1787315599,247750
idle,1787315609,247750
idle,1787315619,247750
idle,1787315630,247750
idle,1787315640,247750
idle,1787315650,247750
idle,1787315660,247750
idle,1787315670,247750
idle,1787315680,247750
idle,1787315690,247750
idle,1787315700,247750
idle,1787315710,247750
idle,1787315720,247750
idle,1787315731,247750
idle,1787315741,247750
idle,1787315751,247750
idle,1787315761,247750
idle,1787315771,247750
idle,1787315781,247750
idle,1787315791,247750
idle,1787315801,247750
idle,1787315811,247750
idle,1787315821,247750
idle,1787315832,247750
idle,1787315842,247750
idle,1787315852,247750
idle,1787315862,247750
idle,1787315872,247750
idle,1787315882,247750
idle,1787315892,247750
idle,1787315902,247750
idle,1787315912,247750
idle,1787315922,247750
idle,1787315933,247750
idle,1787315943,247750
idle,1787315953,247750
idle,1787315963,247750
idle,1787315973,247750
idle,1787315983,247750
idle,1787315993,247750
idle,1787316003,247750
idle,1787316013,247750
idle,1787316023,247750
idle,1787316034,247750
idle,1787316044,247750
idle,1787316054,247750
idle,1787316064,247750
idle,1787316074,247750
idle,1787316084,247750
idle,1787316094,247750
idle,1787316104,247750
idle,1787316114,247750
idle,1787316124,247750
idle,1787316135,247750
idle,1787316145,247750
idle,1787316155,247750
idle,1787316165,247750
idle,1787316175,247750
idle,1787316185,247750
idle,1787316195,247750
idle,1787316205,247750
idle,1787316215,247750
idle,1787316225,247750
idle,1787316235,247750
idle,1787316246,247750
idle,1787316256,247750
idle,1787316266,247750
idle,1787316276,247750
idle,1787316286,247750
idle,1787316296,247750
idle,1787316306,247750
idle,1787316316,247750
idle,1787316326,247750
idle,1787316336,247750
idle,1787316347,247750
idle,1787316357,247750
idle,1787316367,247750
idle,1787316377,247750
idle,1787316387,247750
idle,1787316397,247750
idle,1787316407,247750
idle,1787316417,247750
idle,1787316427,247750
idle,1787316437,247750
idle,1787316448,247750
idle,1787316458,247750
idle,1787316468,247750
idle,1787316478,247750
idle,1787316488,247750
idle,1787316498,247750
idle,1787316508,247750
idle,1787316518,247750
idle,1787316528,247750
idle,1787316538,247750
idle,1787316549,247750
idle,1787316559,247750
idle,1787316569,247750
idle,1787316579,247750
idle,1787316589,247750
idle,1787316599,247750
idle,1787316609,247750
idle,1787316619,247750
idle,1787316629,247750
idle,1787316639,247750
idle,1787316649,247750
idle,1787316660,247750
idle,1787316670,247750
idle,1787316680,247750
idle,1787316690,247750
idle,1787316700,247750
idle,1787316710,247750
idle,1787316720,247750
idle,1787316730,247750
idle,1787316740,247750
idle,1787316750,247750
idle,1787316761,247750
idle,1787316771,247750
idle,1787316781,247750
idle,1787316791,247750
idle,1787316801,247750
idle,1787316811,247750
idle,1787316821,247750
idle,1787316831,247750
idle,1787316841,247750
idle,1787316851,247750
idle,1787316862,247750
idle,1787316872,247754
idle,1787316882,247754
idle,1787316892,247754
idle,1787316902,247754
idle,1787316912,247754
idle,1787316922,247754
idle,1787316932,247754
idle,1787316942,247754
idle,1787316952,247754
idle,1787316963,247754
idle,1787316973,247754
idle,1787316983,247754
idle,1787316993,247754
idle,1787317003,247754
idle,1787317013,247754
idle,1787317023,247754
idle,1787317033,247754
idle,1787317043,247754
idle,1787317053,247754
idle,1787317064,247754
idle,1787317074,247754
idle,1787317084,247754
idle,1787317094,247754
idle,1787317104,247754
idle,1787317114,247754
idle,1787317124,247754
idle,1787317134,247754
idle,1787317144,247754
idle,1787317154,247754
idle,1787317164,247754
idle,1787317175,247754
idle,1787317185,247754
idle,1787317195,247754
idle,1787317205,247754
idle,1787317215,247754
idle,1787317225,247754
idle,1787317235,247754
idle,1787317245,247754
idle,1787317255,247754
idle,1787317265,247754
idle,1787317276,247754
idle,1787317286,247754
idle,1787317296,247754
idle,1787317306,247754
idle,1787317316,247754
idle,1787317326,247754
idle,1787317336,247754
idle,1787317346,247754
idle,1787317356,247754
idle,1787317366,247754
idle,1787317377,247754
idle,1787317387,247754
idle,1787317397,247754
idle,1787317407,247754
idle,1787317417,247754
idle,1787317427,247754
idle,1787317437,247754
idle,1787317447,247754
idle,1787317457,247754
idle,1787317467,247754
idle,1787317477,247754
idle,1787317488,247754
idle,1787317498,247754
idle,1787317508,247754
idle,1787317518,247754
idle,1787317528,247754
idle,1787317538,247754
idle,1787317548,247754
idle,1787317558,247754
idle,1787317568,247754
idle,1787317578,247754
idle,1787317589,247754
idle,1787317599,247754
idle,1787317609,247754
idle,1787317619,247754
idle,1787317629,247754
idle,1787317639,247754
idle,1787317649,247754
idle,1787317659,247754
idle,1787317669,247754
idle,1787317679,247754
idle,1787317690,247754
idle,1787317700,247754
idle,1787317710,247754
idle,1787317720,247754
idle,1787317730,247754
idle,1787317740,247754
idle,1787317750,247754
idle,1787317760,247754
idle,1787317770,247754
idle,1787317780,247754
idle,1787317791,247754
idle,1787317801,247754
idle,1787317811,247754
idle,1787317821,247754
idle,1787317831,247754
idle,1787317841,247754
idle,1787317851,247754
idle,1787317861,247754
idle,1787317871,247754
idle,1787317881,247754
idle,1787317892,247754
idle,1787317902,247754
idle,1787317912,247754
idle,1787317922,247754
idle,1787317932,247754
idle,1787317942,247754
idle,1787317952,247754
idle,1787317962,247754
idle,1787317972,247754
idle,1787317982,247754
idle,1787317993,247754
idle,1787318003,247754
idle,1787318013,247754
idle,1787318023,247754
idle,1787318033,247754
idle,1787318043,247754
idle,1787318053,247754
idle,1787318063,247754
idle,1787318073,247754
idle,1787318083,247754
idle,1787318093,247754
idle,1787318104,247754
idle,1787318114,247754
idle,1787318124,247754
idle,1787318134,247754
idle,1787318144,247754
idle,1787318154,247754
idle,1787318164,247754
idle,1787318174,247754
idle,1787318184,247754
idle,1787318194,247754
idle,1787318205,247754
idle,1787318215,247754
idle,1787318225,247754
idle,1787318235,247754
idle,1787318245,247754
idle,1787318255,247754
idle,1787318265,247754
idle,1787318275,247754
idle,1787318285,247754
idle,1787318295,247754
idle,1787318306,247754
idle,1787318316,247754
idle,1787318326,247754
idle,1787318336,247754
idle,1787318346,247754
idle,1787318356,247754
idle,1787318366,247754
idle,1787318376,247754
idle,1787318386,247754
idle,1787318396,247754
idle,1787318407,247754
idle,1787318417,247754
idle,1787318427,247754
idle,1787318437,247754
idle,1787318447,247754
idle,1787318457,247754
idle,1787318467,247754
idle,1787318477,247754
idle,1787318487,247754
idle,1787318497,247754
idle,1787318507,247754
idle,1787318518,247754
idle,1787318528,247754
idle,1787318538,247754
idle,1787318548,247754
idle,1787318558,247754
idle,1787318568,247754
idle,1787318578,247754
idle,1787318588,247754
idle,1787318598,247754
idle,1787318608,247754
idle,1787318619,247754
idle,1787318629,247754
idle,1787318639,247754
idle,1787318649,247754
idle,1787318659,247754
idle,1787318669,247754
idle,1787318679,247754
idle,1787318689,247754
idle,1787318699,247754
idle,1787318709,247754
idle,1787318720,247754
idle,1787318730,247754
idle,1787318740,247754
idle,1787318750,247754
idle,1787318760,247754
idle,1787318770,247754
idle,1787318780,247754
idle,1787318790,247754
idle,1787318800,247754
idle,1787318810,247754
idle,1787318821,247754
idle,1787318831,247754
idle,1787318841,247754
idle,1787318851,247754
idle,1787318861,247754
idle,1787318871,247754
idle,1787318881,247754
idle,1787318891,247754
idle,1787318901,247754
idle,1787318911,247754
idle,1787318922,247754
idle,1787318932,247754
idle,1787318942,247754
idle,1787318952,247754
idle,1787318962,247754
idle,1787318972,247754
idle,1787318982,247754
idle,1787318992,247754
idle,1787319002,247754
idle,1787319012,247754
idle,1787319023,247754
idle,1787319033,247754
idle,1787319043,247754
idle,1787319053,247754
idle,1787319063,247754
idle,1787319073,247754
idle,1787319083,247754
idle,1787319093,247754
idle,1787319103,247754
idle,1787319113,247754
idle,1787319123,247754
idle,1787319134,247754
idle,1787319144,247754
idle,1787319154,247754
idle,1787319164,247754
idle,1787319174,247754
idle,1787319184,247754
idle,1787319194,247754
idle,1787319204,247754
idle,1787319214,247754
idle,1787319224,247754
idle,1787319235,247754
idle,1787319245,247754
idle,1787319255,247754
idle,1787319265,247754
idle,1787319275,247754
idle,1787319285,247754
idle,1787319295,247754
idle,1787319305,247754
idle,1787319315,247754
idle,1787319325,247754
idle,1787319336,247754
idle,1787319346,247754
idle,1787319356,247754
idle,1787319366,247754
idle,1787319376,247754
idle,1787319386,247754
idle,1787319396,247754
idle,1787319406,247754
idle,1787319416,247754
idle,1787319426,247754
idle,1787319437,247754
idle,1787319447,247754
idle,1787319457,247754
idle,1787319467,247754
idle,1787319477,247754
idle,1787319487,247754
idle,1787319497,247754
idle,1787319507,247754
idle,1787319517,247754
idle,1787319527,247754
idle,1787319538,247754
idle,1787319548,247754
idle,1787319558,247754
idle,1787319568,247754
idle,1787319578,247754
idle,1787319588,247754
idle,1787319598,247754
idle,1787319608,247754
idle,1787319618,247754
idle,1787319628,247754
idle,1787319639,247754
idle,1787319649,247754
idle,1787319659,247754
idle,1787319669,247754
idle,1787319679,247754
idle,1787319689,247754
idle,1787319699,247754
idle,1787319709,247754
idle,1787319719,247754
idle,1787319729,247754
idle,1787319739,247754
idle,1787319750,247754
idle,1787319760,247754
idle,1787319770,247754
idle,1787319780,247754
idle,1787319790,247754
idle,1787319800,247754
idle,1787319810,247754
idle,1787319820,247754
idle,1787319830,247754
idle,1787319840,247754
idle,1787319851,247754
idle,1787319861,247754
idle,1787319871,247754
idle,1787319881,247754
idle,1787319891,247754
idle,1787319901,247754
idle,1787319911,247754
idle,1787319921,247754
idle,1787319931,247754
idle,1787319941,247754
idle,1787319952,247754
idle,1787319962,247754
idle,1787319972,247754
idle,1787319982,247754
idle,1787319992,247754
idle,1787320002,247754
idle,1787320012,247754
idle,1787320022,247754
idle,1787320032,247754
idle,1787320042,247754
idle,1787320053,247754
idle,1787320063,247754
idle,1787320073,247754
idle,1787320083,247754
idle,1787320093,247754
idle,1787320103,247754
idle,1787320113,247754
idle,1787320123,247754
idle,1787320133,247754
idle,1787320143,247754
idle,1787320153,247754
idle,1787320164,247754
idle,1787320174,247754
idle,1787320184,247754
idle,1787320194,247754
idle,1787320204,247754
idle,1787320214,247754
idle,1787320224,247754
idle,1787320234,247754
idle,1787320244,247754
idle,1787320254,247754
idle,1787320265,247754
idle,1787320275,247754
idle,1787320285,247754
idle,1787320295,247754
idle,1787320305,247754
idle,1787320315,247754
idle,1787320325,247754
idle,1787320335,247754
idle,1787320345,247754
idle,1787320355,247754
idle,1787320366,247754
idle,1787320376,247754
idle,1787320386,247754
idle,1787320396,247754
idle,1787320406,247754
idle,1787320416,247754
idle,1787320426,247754
idle,1787320436,247754
idle,1787320446,247754
idle,1787320456,247754
idle,1787320467,247754
idle,1787320477,247754
idle,1787320487,247754
idle,1787320497,247754
idle,1787320507,247754
idle,1787320517,247754
idle,1787320527,247754
idle,1787320537,247754
idle,1787320547,247754
idle,1787320557,247754
idle,1787320568,247754
idle,1787320578,247754
idle,1787320588,247754
idle,1787320598,247754
idle,1787320608,247754
idle,1787320618,247754
idle,1787320628,247754
idle,1787320638,247754
idle,1787320648,247754
idle,1787320658,247754
idle,1787320669,247754
idle,1787320679,247754
idle,1787320689,247754
idle,1787320699,247754
idle,1787320709,247754
idle,1787320719,247754
idle,1787320729,247754
idle,1787320739,247754
idle,1787320749,247754
idle,1787320759,247754
idle,1787320770,247754
idle,1787320780,247754
idle,1787320790,247754
idle,1787320800,247754
idle,1787320810,247754
idle,1787320820,247754
idle,1787320830,247754
idle,1787320840,247754
idle,1787320850,247754
idle,1787320860,247754
idle,1787320871,247754
idle,1787320881,247754
idle,1787320891,247754
idle,1787320901,247754
idle,1787320911,247754
idle,1787320921,247754
idle,1787320931,247754
idle,1787320941,247754
idle,1787320951,247754
idle,1787320961,247754
idle,1787320972,247754
idle,1787320982,247754
idle,1787320992,247754
idle,1787321002,247754
idle,1787321012,247754
idle,1787321022,247754
idle,1787321032,247754
idle,1787321042,247754
idle,1787321052,247754
idle,1787321062,247754
idle,1787321073,247754
idle,1787321083,247754
idle,1787321093,247754
idle,1787321103,247754
idle,1787321113,247754
idle,1787321123,247754
idle,1787321133,247754
idle,1787321143,247754
idle,1787321153,247754
idle,1787321163,247754
idle,1787321174,247754
idle,1787321184,247754
idle,1787321194,247754
idle,1787321204,247754
idle,1787321214,247754
idle,1787321224,247754
idle,1787321234,247754
idle,1787321244,247754
idle,1787321254,247754
idle,1787321264,247754
idle,1787321275,247754
idle,1787321285,247754
idle,1787321295,247754
idle,1787321305,247754
idle,1787321315,247754
idle,1787321325,247754
idle,1787321335,247754
idle,1787321345,247754
idle,1787321355,247754
idle,1787321365,247754
idle,1787321376,247754
idle,1787321386,247754
idle,1787321396,247754
idle,1787321406,247754
idle,1787321416,247754
idle,1787321426,247754
idle,1787321436,247754
idle,1787321446,247754
idle,1787321456,247754
idle,1787321466,247754
idle,1787321477,247754
idle,1787321487,247754
idle,1787321497,247754
idle,1787321507,247754
idle,1787321517,247754
idle,1787321527,247754
idle,1787321537,247754
idle,1787321547,247754
idle,1787321557,247754
idle,1787321567,247754
idle,1787321577,247754
idle,1787321588,247754
idle,1787321598,247754
idle,1787321608,247754
idle,1787321618,247754
idle,1787321628,247754
idle,1787321638,247754
idle,1787321648,247754
idle,1787321658,247754
idle,1787321668,247754
idle,1787321678,247754
idle,1787321689,247754
idle,1787321699,247754
idle,1787321709,247754
idle,1787321719,247754
idle,1787321729,247754
idle,1787321739,247754
idle,1787321749,247754
idle,1787321759,247754
idle,1787321769,247754
idle,1787321779,247754
idle,1787321790,247754
idle,1787321800,247754
idle,1787321810,247754
idle,1787321820,247754
idle,1787321830,247754
idle,1787321840,247754
idle,1787321850,247754
idle,1787321860,247754
idle,1787321870,247754
idle,1787321880,247754
idle,1787321891,247754
idle,1787321901,247754
idle,1787321911,247754
idle,1787321921,247754
idle,1787321931,247754
idle,1787321941,247754
idle,1787321951,247754
idle,1787321961,247754
idle,1787321971,247754
idle,1787321981,247754
idle,1787321992,247754
idle,1787322002,247754
idle,1787322012,247754
idle,1787322022,247754
idle,1787322032,247754
idle,1787322042,247754
idle,1787322052,247754
idle,1787322062,247754
idle,1787322072,247754
idle,1787322082,247754
idle,1787322093,247754
idle,1787322103,247754
idle,1787322113,247754
idle,1787322123,247754
idle,1787322133,247754
idle,1787322143,247754
idle,1787322153,247754
idle,1787322163,247754
idle,1787322173,247754
idle,1787322183,247754
idle,1787322193,247754
idle,1787322204,247754
idle,1787322214,247754
idle,1787322224,247754
idle,1787322234,247754
idle,1787322244,247754
idle,1787322254,247754
idle,1787322264,247754
idle,1787322274,247754
idle,1787322284,247754
idle,1787322294,247754
idle,1787322305,247754
idle,1787322315,247754
idle,1787322325,247754
idle,1787322335,247754
idle,1787322345,247754
idle,1787322355,247754
idle,1787322365,247754
idle,1787322375,247754
idle,1787322385,247754
idle,1787322395,247754
idle,1787322406,247754
idle,1787322416,247754
idle,1787322426,247754
idle,1787322436,247754
idle,1787322446,247754
idle,1787322456,247754
idle,1787322466,247754
idle,1787322476,247754
idle,1787322486,247754
idle,1787322496,247754
idle,1787322507,247754
idle,1787322517,247754
idle,1787322527,247754
idle,1787322537,247754
idle,1787322547,247754
idle,1787322557,247754
idle,1787322567,247754
idle,1787322577,247754
idle,1787322587,247754
idle,1787322597,247754
idle,1787322607,247754
idle,1787322618,247754
idle,1787322628,247754
idle,1787322638,247754
idle,1787322648,247754
idle,1787322658,247754
idle,1787322668,247754
idle,1787322678,247754
idle,1787322688,247754
idle,1787322698,247754
idle,1787322708,247754
idle,1787322719,247754
idle,1787322729,247754
idle,1787322739,247754
idle,1787322749,247754
idle,1787322759,247754
idle,1787322769,247754
idle,1787322779,247754
idle,1787322789,247754
idle,1787322799,247754
idle,1787322809,247754
idle,1787322820,247754
idle,1787322830,247754
idle,1787322840,247754
idle,1787322850,247754
idle,1787322860,247754
idle,1787322870,247754
idle,1787322880,247754
idle,1787322890,247754
idle,1787322900,247754
idle,1787322910,247754
idle,1787322921,247754
idle,1787322931,247754
idle,1787322941,247754
idle,1787322951,247754
idle,1787322961,247754
idle,1787322971,247754
idle,1787322981,247754
idle,1787322991,247754
idle,1787323001,247754
idle,1787323011,247754
idle,1787323022,247754
idle,1787323032,247754
idle,1787323042,247754
idle,1787323052,247754
idle,1787323062,247754
idle,1787323072,247754
idle,1787323082,247754
idle,1787323092,247754
idle,1787323102,247754
idle,1787323112,247754
idle,1787323123,247754
idle,1787323133,247754
idle,1787323143,247754
idle,1787323153,247754
idle,1787323163,247754
idle,1787323173,247754
idle,1787323183,247754
idle,1787323193,247754
idle,1787323203,247754
idle,1787323213,247754
idle,1787323224,247754
idle,1787323234,247754
idle,1787323244,247754
idle,1787323254,247754
idle,1787323264,247754
idle,1787323274,247754
idle,1787323284,247754
idle,1787323294,247754
idle,1787323304,247754
idle,1787323314,247754
idle,1787323324,247754
idle,1787323335,247754
idle,1787323345,247754
idle,1787323355,247754
idle,1787323365,247754
idle,1787323375,247754
idle,1787323385,247754
idle,1787323395,247754
idle,1787323405,247754
idle,1787323415,247754
idle,1787323425,247754
idle,1787323436,247754
idle,1787323446,247754
idle,1787323456,247754
idle,1787323466,247754
idle,1787323476,247754
idle,1787323486,247754
idle,1787323496,247754
idle,1787323506,247754
idle,1787323516,247754
idle,1787323526,247754
idle,1787323537,247754
idle,1787323547,247754
idle,1787323557,247754
idle,1787323567,247754
idle,1787323577,247754
idle,1787323587,247754
idle,1787323597,247754
idle,1787323607,247754
idle,1787323617,247754
idle,1787323627,247754
idle,1787323638,247754
idle,1787323648,247754
idle,1787323658,247754
idle,1787323668,247754
idle,1787323678,247754
idle,1787323688,247754
idle,1787323698,247754
idle,1787323708,247754
idle,1787323718,247754
idle,1787323728,247754
idle,1787323739,247754
idle,1787323749,247754
idle,1787323759,247754
idle,1787323769,247754
idle,1787323779,247754
idle,1787323789,247754
idle,1787323799,247754
idle,1787323809,247754
idle,1787323819,247754
idle,1787323829,247754
idle,1787323840,247754
idle,1787323850,247754
idle,1787323860,247754
idle,1787323870,247754
idle,1787323880,247754
idle,1787323890,247754
idle,1787323900,247754
idle,1787323910,247754
idle,1787323920,247754
idle,1787323930,247754
idle,1787323941,247754
idle,1787323951,247754
idle,1787323961,247754
idle,1787323971,247754
idle,1787323981,247754
idle,1787323991,247754
idle,1787324001,247754
idle,1787324011,247754
idle,1787324021,247754
idle,1787324031,247754
idle,1787324042,247754
idle,1787324052,247754
idle,1787324062,247754
idle,1787324072,247754
idle,1787324082,247754
idle,1787324092,247754
idle,1787324102,247754
idle,1787324112,247754
idle,1787324122,247754
idle,1787324132,247754
idle,1787324143,247754
idle,1787324153,247754
idle,1787324163,247754
idle,1787324173,247754
idle,1787324183,247754
idle,1787324193,247754
idle,1787324203,247754
idle,1787324213,247754
idle,1787324223,247754
idle,1787324233,247754
idle,1787324244,247754
idle,1787324254,247754
idle,1787324264,247754
idle,1787324274,247754
idle,1787324284,247754
idle,1787324294,247754
idle,1787324304,247754
idle,1787324314,247754
idle,1787324324,247754
idle,1787324334,247754
idle,1787324344,247754
idle,1787324355,247754
idle,1787324365,247754
idle,1787324375,247754
idle,1787324385,247754
idle,1787324395,247754
idle,1787324405,247754
idle,1787324415,247754
idle,1787324425,247754
idle,1787324435,247754
idle,1787324445,247754
idle,1787324456,247754
idle,1787324466,247754
idle,1787324476,247754
idle,1787324486,247754
idle,1787324496,247754
idle,1787324506,247754
idle,1787324516,247754
idle,1787324526,247754
idle,1787324536,247754
idle,1787324546,247754
idle,1787324557,247754
idle,1787324567,247754
idle,1787324577,247754
idle,1787324587,247754
idle,1787324597,247754
idle,1787324607,247754
idle,1787324617,247754
idle,1787324627,247754
idle,1787324637,247754
idle,1787324647,247754
idle,1787324658,247754
idle,1787324668,247754
idle,1787324678,247754
idle,1787324688,247754
idle,1787324698,247754
idle,1787324708,247754
idle,1787324718,247754
idle,1787324728,247754
idle,1787324738,247754
idle,1787324748,247754
idle,1787324759,247754
idle,1787324769,247754
idle,1787324779,247754
idle,1787324789,247754
idle,1787324799,247754
idle,1787324809,247754
idle,1787324819,247754
idle,1787324829,247754
idle,1787324839,247754
idle,1787324849,247754
idle,1787324860,247754
idle,1787324870,247754
idle,1787324880,247754
idle,1787324890,247754
idle,1787324900,247754
idle,1787324910,247754
idle,1787324920,247754
idle,1787324930,247754
idle,1787324940,247754
idle,1787324950,247754
idle,1787324961,247754
idle,1787324971,247754
idle,1787324981,247754
idle,1787324991,247754
idle,1787325001,247754
idle,1787325011,247754
idle,1787325021,247754
idle,1787325031,247754
idle,1787325041,247754
idle,1787325051,247754
idle,1787325061,247754
idle,1787325072,247754
idle,1787325082,247754
idle,1787325092,247754
idle,1787325102,247754
idle,1787325112,247754
idle,1787325122,247754
idle,1787325132,247754
idle,1787325142,247754
idle,1787325152,247754
idle,1787325162,247754
idle,1787325173,247754
idle,1787325183,247754
idle,1787325193,247754
idle,1787325203,247754
idle,1787325213,247754
idle,1787325223,247754
idle,1787325233,247754
idle,1787325243,247754
idle,1787325253,247754
idle,1787325263,247754
idle,1787325274,247754
idle,1787325284,247754
idle,1787325294,247754
idle,1787325304,247754
idle,1787325314,247754
idle,1787325324,247754
idle,1787325334,247754
idle,1787325344,247754
idle,1787325354,247754
idle,1787325364,247754
idle,1787325374,247754
idle,1787325385,247754
idle,1787325395,247754
idle,1787325405,247754
idle,1787325415,247754
idle,1787325425,247754
idle,1787325435,247754
idle,1787325445,247754
idle,1787325455,247754
idle,1787325465,247754
idle,1787325475,247754
idle,1787325486,247754
idle,1787325496,247754
idle,1787325506,247754
idle,1787325516,247754
idle,1787325526,247754
idle,1787325536,247754
idle,1787325546,247754
idle,1787325556,247754
idle,1787325566,247754
idle,1787325576,247754
idle,1787325587,247754
idle,1787325597,247754
idle,1787325607,247754
idle,1787325617,247754
idle,1787325627,247754
idle,1787325637,247754
idle,1787325647,247754
idle,1787325657,247754
idle,1787325667,247754
idle,1787325677,247754
idle,1787325688,247754
idle,1787325698,247754
idle,1787325708,247754
idle,1787325718,247754
idle,1787325728,247754
idle,1787325738,247754
idle,1787325748,247754
idle,1787325758,247754
idle,1787325768,247754
idle,1787325778,247754
idle,1787325789,247754
idle,1787325799,247754
idle,1787325809,247754
idle,1787325819,247754
idle,1787325829,247754
idle,1787325839,247754
idle,1787325849,247754
idle,1787325859,247754
idle,1787325869,247754
idle,1787325879,247754
idle,1787325890,247754
idle,1787325900,247754
idle,1787325910,247754
idle,1787325920,247754
idle,1787325930,247754
idle,1787325940,247754
idle,1787325950,247754
idle,1787325960,247754
idle,1787325970,247754
idle,1787325980,247754
idle,1787325991,247754
idle,1787326001,247754
idle,1787326011,247754
idle,1787326021,247754
idle,1787326031,247754
idle,1787326041,247754
idle,1787326051,247754
idle,1787326061,247754
idle,1787326071,247754
idle,1787326081,247754
idle,1787326091,247754
idle,1787326102,247754
idle,1787326112,247754
idle,1787326122,247754
idle,1787326132,247754
idle,1787326142,247754
idle,1787326152,247754
idle,1787326162,247754
idle,1787326172,247754
idle,1787326182,247754
idle,1787326192,247754
idle,1787326203,247754
idle,1787326213,247754
idle,1787326223,247754
idle,1787326233,247754
idle,1787326243,247754
idle,1787326253,247754
idle,1787326263,247754
idle,1787326273,247754
idle,1787326283,247754
idle,1787326293,247754
idle,1787326304,247754
idle,1787326314,247754
idle,1787326324,247754
idle,1787326334,247754
idle,1787326344,247754
idle,1787326354,247754
idle,1787326364,247754
idle,1787326374,247754
idle,1787326384,247754
idle,1787326394,247754
idle,1787326405,247754
idle,1787326415,247754
idle,1787326425,247754
idle,1787326435,247754
idle,1787326445,247754
idle,1787326455,247754
idle,1787326465,247754
idle,1787326475,247754
idle,1787326485,247754
idle,1787326495,247754
idle,1787326505,247754
idle,1787326516,247754
idle,1787326526,247754
idle,1787326536,247754
idle,1787326546,247754
idle,1787326556,247754
idle,1787326566,247754
idle,1787326576,247754
idle,1787326586,247754
idle,1787326596,247754
idle,1787326606,247754
idle,1787326617,247754
idle,1787326627,247754
idle,1787326637,247754
idle,1787326647,247754
idle,1787326657,247754
idle,1787326667,247754
idle,1787326677,247754
idle,1787326687,247754
idle,1787326697,247754
idle,1787326707,247754
idle,1787326718,247754
idle,1787326728,247754
idle,1787326738,247754
idle,1787326748,247754
idle,1787326758,247754
idle,1787326768,247754
idle,1787326778,247754
idle,1787326788,247754
idle,1787326798,247754
idle,1787326808,247754
idle,1787326819,247754
idle,1787326829,247754
idle,1787326839,247754
idle,1787326849,247754
idle,1787326859,247754
idle,1787326869,247754
idle,1787326879,247754
idle,1787326889,247754
idle,1787326899,247754
idle,1787326909,247754
idle,1787326920,247754
idle,1787326930,247754
idle,1787326940,247754
idle,1787326950,247754
idle,1787326960,247754
idle,1787326970,247754
idle,1787326980,247754
idle,1787326990,247754
idle,1787327000,247754
idle,1787327010,247754
idle,1787327021,247754
idle,1787327031,247754
idle,1787327041,247754
idle,1787327051,247754
idle,1787327061,247754
idle,1787327071,247754
idle,1787327081,247754
idle,1787327091,247754
idle,1787327101,247754
idle,1787327111,247754
idle,1787327122,247754
idle,1787327132,247754
idle,1787327142,247754
idle,1787327152,247754
idle,1787327162,247754
idle,1787327172,247754
idle,1787327182,247754
idle,1787327192,247754
idle,1787327202,247754
idle,1787327212,247754
idle,1787327223,247754
idle,1787327233,247754
idle,1787327243,247754
idle,1787327253,247754
idle,1787327263,247754
idle,1787327273,247754
idle,1787327283,247754
idle,1787327293,247754
idle,1787327303,247754
idle,1787327313,247754
idle,1787327324,247754
idle,1787327334,247754
idle,1787327344,247754
idle,1787327354,247754
idle,1787327364,247754
idle,1787327374,247754
idle,1787327384,247754
idle,1787327394,247754
idle,1787327404,247754
idle,1787327414,247754
idle,1787327425,247754
idle,1787327435,247754
idle,1787327445,247754
idle,1787327455,247754
idle,1787327465,247754
idle,1787327475,247754
idle,1787327485,247754
idle,1787327495,247754
idle,1787327505,247754
idle,1787327515,247754
idle,1787327526,247754
idle,1787327536,247754
idle,1787327546,247754
idle,1787327556,247754
idle,1787327566,247754
idle,1787327576,247754
idle,1787327586,247754
idle,1787327596,247754
idle,1787327606,247754
idle,1787327616,247754
idle,1787327627,247754
idle,1787327637,247754
idle,1787327647,247754
idle,1787327657,247754
idle,1787327667,247754
idle,1787327677,247754
idle,1787327687,247754
idle,1787327697,247754
idle,1787327707,247754
idle,1787327717,247754
idle,1787327728,247754
idle,1787327738,247754
idle,1787327748,247754
idle,1787327758,247754
idle,1787327768,247754
idle,1787327778,247754
idle,1787327788,247754
idle,1787327798,247754
idle,1787327808,247754
idle,1787327818,247754
idle,1787327829,247754
idle,1787327839,247754
idle,1787327849,247754
idle,1787327859,247754
idle,1787327869,247754
idle,1787327879,247754
idle,1787327889,247754
idle,1787327899,247754
idle,1787327909,247754
idle,1787327919,247754
idle,1787327930,247754
idle,1787327940,247754
idle,1787327950,247754
idle,1787327960,247754
idle,1787327970,247754
idle,1787327980,247754
idle,1787327990,247754
idle,1787328000,247754
idle,1787328010,247754
idle,1787328020,247754
idle,1787328031,247754
idle,1787328041,247754
idle,1787328051,247754
idle,1787328061,247754
idle,1787328071,247754
idle,1787328081,247754
idle,1787328091,247754
idle,1787328101,247754
idle,1787328111,247754
idle,1787328121,247754
idle,1787328132,247754
idle,1787328142,247754
idle,1787328152,247754
idle,1787328162,247754
idle,1787328172,247754
idle,1787328182,247754
idle,1787328192,247754
idle,1787328202,247754
idle,1787328212,247754
idle,1787328222,247754
idle,1787328233,247754
idle,1787328243,247754
idle,1787328253,247754
idle,1787328263,247754
idle,1787328273,247754
idle,1787328283,247754
idle,1787328293,247754
idle,1787328303,247754
idle,1787328313,247754
idle,1787328323,247754
idle,1787328334,247754
idle,1787328344,247754
idle,1787328354,247754
idle,1787328364,247754
idle,1787328374,247754
idle,1787328384,247754
idle,1787328394,247754
idle,1787328404,247754
idle,1787328414,247754
idle,1787328424,247754
idle,1787328435,247754
idle,1787328445,247754
idle,1787328455,247754
idle,1787328465,247754
idle,1787328475,247754
idle,1787328485,247754
idle,1787328495,247754
idle,1787328505,247754
idle,1787328515,247754
idle,1787328525,247754
idle,1787328536,247754
idle,1787328546,247754
idle,1787328556,247754
idle,1787328566,247754
idle,1787328576,247754
idle,1787328586,247754
idle,1787328596,247754
idle,1787328606,247754
idle,1787328616,247754
idle,1787328626,247754
idle,1787328637,247754
idle,1787328647,247754
idle,1787328657,247754
idle,1787328667,247754
idle,1787328677,247754
idle,1787328687,247754
idle,1787328697,247754
idle,1787328707,247754
idle,1787328717,247754
idle,1787328727,247754
idle,1787328738,247754
idle,1787328748,247754
idle,1787328758,247754
idle,1787328768,247754
idle,1787328778,247754
idle,1787328788,247754
idle,1787328798,247754
idle,1787328808,247754
idle,1787328818,247754
idle,1787328828,247754
idle,1787328839,247754
idle,1787328849,247754
idle,1787328859,247754
idle,1787328869,247754
idle,1787328879,247754
idle,1787328889,247754
idle,1787328899,247754
idle,1787328909,247754
idle,1787328919,247754
idle,1787328929,247754
idle,1787328940,247754
idle,1787328950,247754
idle,1787328960,247754
idle,1787328970,247754
idle,1787328980,247754
idle,1787328990,247754
idle,1787329000,247754
idle,1787329010,247754
idle,1787329020,247754
idle,1787329030,247754
idle,1787329041,247754
idle,1787329051,247754
idle,1787329061,247754
idle,1787329071,247754
idle,1787329081,247754
idle,1787329091,247754
idle,1787329101,247754
idle,1787329111,247754
idle,1787329121,247754
idle,1787329132,247754
idle,1787329142,247754
idle,1787329152,247754
idle,1787329162,247754
idle,1787329172,247754
idle,1787329182,247754
idle,1787329192,247754
idle,1787329202,247754
idle,1787329212,247754
idle,1787329222,247754
idle,1787329233,247754
idle,1787329243,247754
idle,1787329253,247754
idle,1787329263,247754
idle,1787329273,247754
idle,1787329283,247754
idle,1787329293,247754
idle,1787329303,247754
idle,1787329313,247754
idle,1787329323,247754
idle,1787329334,247754
idle,1787329344,247754
idle,1787329354,247754
idle,1787329364,247754
idle,1787329374,247754
idle,1787329384,247754
idle,1787329394,247754
idle,1787329404,247754
idle,1787329414,247754
idle,1787329424,247754
idle,1787329435,247754
idle,1787329445,247754
idle,1787329455,247754
idle,1787329465,247754
idle,1787329475,247754
idle,1787329485,247754
idle,1787329495,247754
idle,1787329505,247754
idle,1787329515,247754
idle,1787329525,247754
idle,1787329536,247754
idle,1787329546,247754
idle,1787329556,247754
idle,1787329566,247754
idle,1787329576,247754
idle,1787329586,247754
idle,1787329596,247754
idle,1787329606,247754
idle,1787329616,247754
idle,1787329626,247754
idle,1787329637,247754
idle,1787329647,247754
idle,1787329657,247754
idle,1787329667,247754
idle,1787329677,247754
idle,1787329687,247754
idle,1787329697,247754
idle,1787329707,247754
idle,1787329717,247754
idle,1787329727,247754
idle,1787329737,247754
idle,1787329748,247754
idle,1787329758,247754
idle,1787329768,247754
idle,1787329778,247754
idle,1787329788,247754
idle,1787329798,247754
idle,1787329808,247754
idle,1787329818,247754
idle,1787329828,247754
idle,1787329838,247754
idle,1787329849,247754
idle,1787329859,247754
idle,1787329869,247754
idle,1787329879,247754
idle,1787329889,247754
idle,1787329899,247754
idle,1787329909,247754
idle,1787329919,247754
idle,1787329929,247754
idle,1787329939,247754
idle,1787329949,247754
idle,1787329960,247754
idle,1787329970,247754
idle,1787329980,247754
idle,1787329990,247754
idle,1787330000,247754
idle,1787330010,247754
idle,1787330020,247754
idle,1787330030,247754
idle,1787330040,247754
idle,1787330050,247754
idle,1787330061,247754
idle,1787330071,247754
idle,1787330081,247754
idle,1787330091,247754
idle,1787330101,247754
idle,1787330111,247754
idle,1787330121,247754
idle,1787330131,247754
idle,1787330141,247754
idle,1787330151,247754
idle,1787330161,247754
idle,1787330172,247754
idle,1787330182,247754
idle,1787330192,247754
idle,1787330202,247754
idle,1787330212,247754
idle,1787330222,247754
idle,1787330232,247754
idle,1787330242,247754
idle,1787330252,247754
idle,1787330262,247754
idle,1787330273,247754
idle,1787330283,247754
idle,1787330293,247754
idle,1787330303,247754
idle,1787330313,247754
idle,1787330323,247754
idle,1787330333,247754
idle,1787330343,247754
idle,1787330353,247754
idle,1787330363,247754
idle,1787330373,247754
idle,1787330384,247754
idle,1787330394,247754
idle,1787330404,247754
idle,1787330414,247754
idle,1787330424,247754
idle,1787330434,247754
idle,1787330444,247754
idle,1787330454,247754
idle,1787330464,247754
idle,1787330474,247754
idle,1787330485,247754
idle,1787330495,247754
idle,1787330505,247754
idle,1787330515,247754
idle,1787330525,247754
idle,1787330535,247754
idle,1787330545,247754
idle,1787330555,247754
idle,1787330565,247754
idle,1787330575,247754
idle,1787330585,247754
idle,1787330596,247754
idle,1787330606,247754
idle,1787330616,247754
idle,1787330626,247754
idle,1787330636,247754
idle,1787330646,247754
idle,1787330656,247754
idle,1787330666,247754
idle,1787330676,247754
idle,1787330686,247754
idle,1787330697,247754
idle,1787330707,247754
idle,1787330717,247754
idle,1787330727,247754
idle,1787330737,247754
idle,1787330747,247754
idle,1787330757,247754
idle,1787330767,247754
idle,1787330777,247754
idle,1787330787,247754
idle,1787330798,247754
idle,1787330808,247754
idle,1787330818,247754
idle,1787330828,247754
idle,1787330838,247754
idle,1787330848,247754
idle,1787330858,247754
idle,1787330868,247754
idle,1787330878,247754
idle,1787330888,247754
idle,1787330898,247754
idle,1787330909,247754
idle,1787330919,247754
idle,1787330929,247754
idle,1787330939,247754
idle,1787330949,247754
idle,1787330959,247754
idle,1787330969,247754
idle,1787330979,247754
idle,1787330989,247754
idle,1787330999,247754
idle,1787331010,247754
idle,1787331020,247754
idle,1787331030,247754
idle,1787331040,247754
idle,1787331050,247754
idle,1787331060,247754
idle,1787331070,247754
idle,1787331080,247754
idle,1787331090,247754
idle,1787331100,247754
idle,1787331110,247754
idle,1787331121,247754
idle,1787331131,247754
idle,1787331141,247754
idle,1787331151,247754
idle,1787331161,247754
idle,1787331171,247754
idle,1787331181,247754
idle,1787331191,247754
idle,1787331201,247754
idle,1787331211,247754
idle,1787331222,247754
idle,1787331232,247754
idle,1787331242,247754
idle,1787331252,247754
idle,1787331262,247754
idle,1787331272,247754
idle,1787331282,247754
idle,1787331292,247754
idle,1787331302,247754
idle,1787331312,247754
idle,1787331322,247754
idle,1787331333,247754
idle,1787331343,247754
idle,1787331353,247754
idle,1787331363,247754
idle,1787331373,247754
idle,1787331383,247754
idle,1787331393,247754
idle,1787331403,247754
idle,1787331413,247754
idle,1787331423,247754
idle,1787331434,247754
idle,1787331444,247754
idle,1787331454,247754
idle,1787331464,247754
idle,1787331474,247754
idle,1787331484,247754
idle,1787331494,247754
idle,1787331504,247754
idle,1787331514,247754
idle,1787331524,247754
idle,1787331535,247754
idle,1787331545,247754
idle,1787331555,247754
idle,1787331565,247754
idle,1787331575,247754
idle,1787331585,247754
idle,1787331595,247754
idle,1787331605,247754
idle,1787331615,247754
idle,1787331625,247754
idle,1787331635,247754
idle,1787331646,247754
idle,1787331656,247754
idle,1787331666,247754
idle,1787331676,247754
idle,1787331686,247754
idle,1787331696,247754
idle,1787331706,247754
idle,1787331716,247754
idle,1787331726,247754
idle,1787331736,247754
idle,1787331747,247754
idle,1787331757,247754
idle,1787331767,247754
idle,1787331777,247754
idle,1787331787,247754
idle,1787331797,247754
idle,1787331807,247754
idle,1787331817,247754
idle,1787331827,247754
idle,1787331837,247754
idle,1787331847,247754
idle,1787331858,247754
idle,1787331868,247754
idle,1787331878,247754
idle,1787331888,247754
idle,1787331898,247754
idle,1787331908,247754
idle,1787331918,247754
idle,1787331928,247754
idle,1787331938,247754
idle,1787331948,247754
idle,1787331959,247754
idle,1787331969,247754
idle,1787331979,247754
idle,1787331989,247754
idle,1787331999,247754
idle,1787332009,247754
idle,1787332019,247754
idle,1787332029,247754
idle,1787332039,247754
idle,1787332049,247754
idle,1787332060,247754
idle,1787332070,247754
idle,1787332080,247754
idle,1787332090,247754
idle,1787332100,247754
idle,1787332110,247754
idle,1787332120,247754
idle,1787332130,247754
idle,1787332140,247754
idle,1787332150,247754
idle,1787332160,247754
idle,1787332171,247754
idle,1787332181,247754
idle,1787332191,247754
idle,1787332201,247754
idle,1787332211,247754
idle,1787332221,247754
idle,1787332231,247754
idle,1787332241,247754
idle,1787332251,247754
idle,1787332261,247754
idle,1787332272,247754
idle,1787332282,247754
idle,1787332292,247754
idle,1787332302,247754
idle,1787332312,247754
idle,1787332322,247754
idle,1787332332,247754
idle,1787332342,247754
idle,1787332352,247754
idle,1787332362,247754
idle,1787332372,247754
idle,1787332383,247754
idle,1787332393,247754
idle,1787332403,247754
idle,1787332413,247754
idle,1787332423,247754
idle,1787332433,247754
idle,1787332443,247754
idle,1787332453,247754
idle,1787332463,247754
idle,1787332473,247754
idle,1787332484,247754
idle,1787332494,247754
idle,1787332504,247754
idle,1787332514,247754
idle,1787332524,247754
idle,1787332534,247754
idle,1787332544,247754
idle,1787332554,247754
idle,1787332564,247754
idle,1787332574,247754
idle,1787332584,247754
idle,1787332595,247754
idle,1787332605,247754
idle,1787332615,247754
idle,1787332625,247754
idle,1787332635,247754
idle,1787332645,247754
idle,1787332655,247754
idle,1787332665,247754
idle,1787332675,247754
idle,1787332685,247754
idle,1787332696,247754
idle,1787332706,247754
idle,1787332716,247754
idle,1787332726,247754
idle,1787332736,247754
idle,1787332746,247754
idle,1787332756,247754
idle,1787332766,247754
idle,1787332776,247754
idle,1787332786,247754
idle,1787332796,247754
idle,1787332807,247754
idle,1787332817,247754
idle,1787332827,247754
idle,1787332837,247754
idle,1787332847,247754
idle,1787332857,247754
idle,1787332867,247754
idle,1787332877,247754
idle,1787332887,247754
idle,1787332897,247754
idle,1787332908,247754
idle,1787332918,247754
idle,1787332928,247754
idle,1787332938,247754
idle,1787332948,247754
idle,1787332958,247754
idle,1787332968,247754
idle,1787332978,247754
idle,1787332988,247754
idle,1787332998,247754
idle,1787333009,247754
idle,1787333019,247754
idle,1787333029,247754
idle,1787333039,247754
idle,1787333049,247754
idle,1787333059,247754
idle,1787333069,247754
idle,1787333079,247754
idle,1787333089,247754
idle,1787333099,247754
idle,1787333110,247754
idle,1787333120,247754
idle,1787333130,247754
idle,1787333140,247754
idle,1787333150,247754
idle,1787333160,247754
idle,1787333170,247754
idle,1787333180,247754
idle,1787333190,247754
idle,1787333200,247754
idle,1787333210,247754
idle,1787333221,247754
idle,1787333231,247754
idle,1787333241,247754
idle,1787333251,247754
idle,1787333261,247754
idle,1787333271,247754
idle,1787333281,247754
idle,1787333291,247754
idle,1787333301,247754
idle,1787333311,247754
idle,1787333322,247754
idle,1787333332,247754
idle,1787333342,247754
idle,1787333352,247754
idle,1787333362,247754
idle,1787333372,247754
idle,1787333382,247754
idle,1787333392,247754
idle,1787333402,247754
idle,1787333412,247754
idle,1787333423,247754
idle,1787333433,247754
idle,1787333443,247754
idle,1787333453,247754
idle,1787333463,247754
idle,1787333473,247754
idle,1787333483,247754
idle,1787333493,247754
idle,1787333503,247754
idle,1787333513,247754
idle,1787333523,247754
idle,1787333534,247754
idle,1787333544,247754
idle,1787333554,247754
idle,1787333564,247754
idle,1787333574,247754
idle,1787333584,247754
idle,1787333594,247754
idle,1787333604,247754
idle,1787333614,247754
idle,1787333624,247754
idle,1787333634,247754
idle,1787333645,247754
idle,1787333655,247754
idle,1787333665,247754
idle,1787333675,247754
idle,1787333685,247754
idle,1787333695,247754
idle,1787333705,247754
idle,1787333715,247754
idle,1787333725,247754
idle,1787333735,247754
idle,1787333746,247754
idle,1787333756,247754
idle,1787333766,247754
idle,1787333776,247754
idle,1787333786,247754
idle,1787333796,247754
idle,1787333806,247754
idle,1787333816,247754
idle,1787333826,247754
idle,1787333836,247754
idle,1787333847,247754
idle,1787333857,247754
idle,1787333867,247754
idle,1787333877,247754
idle,1787333887,247754
idle,1787333897,247754
idle,1787333907,247754
idle,1787333917,247754
idle,1787333927,247754
idle,1787333937,247754
idle,1787333948,247754
idle,1787333958,247754
idle,1787333968,247754
idle,1787333978,247754
idle,1787333988,247754
idle,1787333998,247754
idle,1787334008,247754
idle,1787334018,247754
idle,1787334028,247754
idle,1787334038,247754
idle,1787334048,247754
idle,1787334059,247754
idle,1787334069,247754
idle,1787334079,247754
idle,1787334089,247754
idle,1787334099,247754
idle,1787334109,247754
idle,1787334119,247754
idle,1787334129,247754
idle,1787334139,247754
idle,1787334149,247754
idle,1787334160,247754
idle,1787334170,247754
idle,1787334180,247754
idle,1787334190,247754
idle,1787334200,247754
idle,1787334210,247754
idle,1787334220,247754
idle,1787334230,247754
idle,1787334240,247754
idle,1787334250,247754
idle,1787334261,247754
idle,1787334271,247754
idle,1787334281,247754
idle,1787334291,247754
idle,1787334301,247754
idle,1787334311,247754
idle,1787334321,247754
idle,1787334331,247754
idle,1787334341,247754
idle,1787334351,247754
idle,1787334361,247754
idle,1787334372,247754
idle,1787334382,247754
idle,1787334392,247754
idle,1787334402,247754
idle,1787334412,247754
idle,1787334422,247754
idle,1787334432,247754
idle,1787334442,247754
idle,1787334452,247754
idle,1787334462,247754
idle,1787334473,247754
idle,1787334483,247754
idle,1787334493,247754
idle,1787334503,247754
idle,1787334513,247754
idle,1787334523,247754
idle,1787334533,247754
idle,1787334543,247754
idle,1787334553,247754
idle,1787334563,247754
idle,1787334574,247754
idle,1787334584,247754
idle,1787334594,247754
idle,1787334604,247754
idle,1787334614,247754
idle,1787334624,247754
idle,1787334634,247754
idle,1787334644,247754
idle,1787334654,247754
idle,1787334664,247754
idle,1787334675,247754
idle,1787334685,247754
idle,1787334695,247754
idle,1787334705,247754
idle,1787334715,247754
idle,1787334725,247754
idle,1787334735,247754
idle,1787334745,247754
idle,1787334755,247754
idle,1787334765,247754
idle,1787334775,247754
idle,1787334786,247754
idle,1787334796,247754
idle,1787334806,247754
idle,1787334816,247754
idle,1787334826,247754
idle,1787334836,247754
idle,1787334846,247754
idle,1787334856,247754
idle,1787334866,247754
idle,1787334876,247754
idle,1787334887,247754
idle,1787334897,247754
idle,1787334907,247754
idle,1787334917,247754
idle,1787334927,247754
idle,1787334937,247754
idle,1787334947,247754
idle,1787334957,247754
idle,1787334967,247754
idle,1787334977,247754
idle,1787334988,247754
idle,1787334998,247754
idle,1787335008,247754
idle,1787335018,247754
idle,1787335028,247754
idle,1787335038,247754
idle,1787335048,247754
idle,1787335058,247754
idle,1787335068,247754
idle,1787335078,247754
idle,1787335088,247754
idle,1787335099,247754
idle,1787335109,247754
idle,1787335119,247754
idle,1787335129,247754
idle,1787335139,247754
idle,1787335149,247754
idle,1787335159,247754
idle,1787335169,247754
idle,1787335179,247754
idle,1787335189,247754
idle,1787335200,247754
idle,1787335210,247754
idle,1787335220,247754
idle,1787335230,247754
idle,1787335240,247754
idle,1787335250,247754
idle,1787335260,247754
idle,1787335270,247754
idle,1787335280,247754
idle,1787335290,247754
idle,1787335301,247754
idle,1787335311,247754
idle,1787335321,247754
idle,1787335331,247754
idle,1787335341,247754
idle,1787335351,247754
idle,1787335361,247754
idle,1787335371,247754
idle,1787335381,247754
idle,1787335391,247754
idle,1787335401,247754
idle,1787335412,247754
idle,1787335422,247754
idle,1787335432,247754
idle,1787335442,247754
idle,1787335452,247754
idle,1787335462,247754
idle,1787335472,247754
idle,1787335482,247754
idle,1787335492,247754
idle,1787335502,247754
idle,1787335513,247754
idle,1787335523,247754
idle,1787335533,247754
idle,1787335543,247754
idle,1787335553,247754
idle,1787335563,247754
idle,1787335573,247754
idle,1787335583,247754
idle,1787335593,247754
idle,1787335603,247754
idle,1787335614,247754
idle,1787335624,247754
idle,1787335634,247754
idle,1787335644,247754
idle,1787335654,247754
idle,1787335664,247754
idle,1787335674,247754
idle,1787335684,247754
idle,1787335694,247754
idle,1787335704,247754
idle,1787335714,247754
idle,1787335725,247754
idle,1787335735,247754
idle,1787335745,247754
idle,1787335755,247754
idle,1787335765,247754
idle,1787335775,247754
idle,1787335785,247754
idle,1787335795,247754
idle,1787335805,247754
idle,1787335815,247754
idle,1787335826,247754
idle,1787335836,247754
idle,1787335846,247754
idle,1787335856,247754
idle,1787335866,247754
idle,1787335876,247754
idle,1787335886,247754
idle,1787335896,247754
idle,1787335906,247754
idle,1787335916,247754
idle,1787335927,247754
idle,1787335937,247754
idle,1787335947,247754
idle,1787335957,247754
idle,1787335967,247754
idle,1787335977,247754
idle,1787335987,247754
idle,1787335997,247754
idle,1787336007,247754
idle,1787336017,247754
idle,1787336027,247754
idle,1787336038,247754
idle,1787336048,247754
idle,1787336058,247754
idle,1787336068,247754
idle,1787336078,247754
idle,1787336088,247754
idle,1787336098,247754
idle,1787336108,247754
idle,1787336118,247754
idle,1787336128,247754
idle,1787336139,247754
idle,1787336149,247754
idle,1787336159,247754
idle,1787336169,247754
idle,1787336179,247754
idle,1787336189,247754
idle,1787336199,247754
idle,1787336209,247754
idle,1787336219,247754
idle,1787336229,247754
idle,1787336240,247754
idle,1787336250,247754
idle,1787336260,247754
idle,1787336270,247754
idle,1787336280,247754
idle,1787336290,247754
idle,1787336300,247754
idle,1787336310,247754
idle,1787336320,247754
idle,1787336330,247754
idle,1787336340,247754
idle,1787336351,247754
idle,1787336361,247754
idle,1787336371,247754
idle,1787336381,247754
idle,1787336391,247754
idle,1787336401,247754
idle,1787336411,247754
idle,1787336421,247754
idle,1787336431,247754
idle,1787336441,247754
idle,1787336452,247754
idle,1787336462,247754
idle,1787336472,247754
idle,1787336482,247754
idle,1787336492,247754
idle,1787336502,247754
idle,1787336512,247754
idle,1787336522,247754
idle,1787336532,247754
idle,1787336542,247754
idle,1787336552,247754
idle,1787336563,247754
idle,1787336573,247754
idle,1787336583,247754
idle,1787336593,247754
idle,1787336603,247754
idle,1787336613,247754
idle,1787336623,247754
idle,1787336633,247754
idle,1787336643,247754
idle,1787336653,247754
idle,1787336664,247754
idle,1787336674,247754
idle,1787336684,247754
idle,1787336694,247754
idle,1787336704,247754
idle,1787336714,247754
idle,1787336724,247754
idle,1787336734,247754
idle,1787336744,247754
idle,1787336754,247754
idle,1787336765,247754
idle,1787336775,247754
idle,1787336785,247754
idle,1787336795,247754
idle,1787336805,247754
idle,1787336815,247754
idle,1787336825,247754
idle,1787336835,247754
idle,1787336845,247754
idle,1787336855,247754
idle,1787336865,247754
idle,1787336876,247754
idle,1787336886,247754
idle,1787336896,247754
idle,1787336906,247754
idle,1787336916,247754
idle,1787336926,247754
idle,1787336936,247754
idle,1787336946,247754
idle,1787336956,247754
idle,1787336966,247754
idle,1787336977,247754
idle,1787336987,247754
idle,1787336997,247754
idle,1787337007,247754
idle,1787337017,247754
idle,1787337027,247754
idle,1787337037,247754
idle,1787337047,247754
idle,1787337057,247754
idle,1787337067,247754
idle,1787337078,247754
idle,1787337088,247754
idle,1787337098,247754
idle,1787337108,247754
idle,1787337118,247754
idle,1787337128,247754
idle,1787337138,247754
idle,1787337148,247754
idle,1787337158,247754
idle,1787337168,247754
idle,1787337178,247754
idle,1787337189,247754
idle,1787337199,247754
idle,1787337209,247754
idle,1787337219,247754
idle,1787337229,247754
idle,1787337239,247754
idle,1787337249,247754
idle,1787337259,247754
idle,1787337269,247754
idle,1787337279,247754
idle,1787337290,247754
idle,1787337300,247754
idle,1787337310,247754
idle,1787337320,247754
idle,1787337330,247754
idle,1787337340,247754
idle,1787337350,247754
idle,1787337360,247754
idle,1787337370,247754
idle,1787337380,247754
idle,1787337391,247754
idle,1787337401,247754
idle,1787337411,247754
idle,1787337421,247754
idle,1787337431,247754
idle,1787337441,247754
idle,1787337451,247754
idle,1787337461,247754
idle,1787337471,247754
idle,1787337481,247754
idle,1787337491,247754
idle,1787337502,247754
idle,1787337512,247754
idle,1787337522,247754
idle,1787337532,247754
idle,1787337542,247754
idle,1787337552,247754
idle,1787337562,247754
idle,1787337572,247754
idle,1787337582,247754
idle,1787337592,247754
idle,1787337603,247754
idle,1787337613,247754
idle,1787337623,247754
idle,1787337633,247754
idle,1787337643,247754
idle,1787337653,247754
idle,1787337663,247754
idle,1787337673,247754
idle,1787337683,247754
idle,1787337693,247754
idle,1787337704,247754
idle,1787337714,247754
idle,1787337724,247754
idle,1787337734,247754
idle,1787337744,247754
idle,1787337750,247754
es_baseaxis_s0,1787337780,5554
es_baseaxis_s0,1787337791,235074
es_baseaxis_s0,1787337801,248870
es_baseaxis_s0,1787337811,257226
es_baseaxis_s0,1787337821,259010
es_baseaxis_s0,1787337831,259010
es_baseaxis_s0,1787337841,259010
es_baseaxis_s0,1787337851,259010
es_baseaxis_s0,1787337861,259010
es_baseaxis_s0,1787337871,259010
es_baseaxis_s0,1787337881,259010
es_baseaxis_s0,1787337891,259010
es_baseaxis_s0,1787337902,259010
es_baseaxis_s0,1787337912,259010
es_baseaxis_s0,1787337922,259010
es_baseaxis_s0,1787337932,259010
es_baseaxis_s0,1787337942,259010
es_baseaxis_s0,1787337952,259010
es_baseaxis_s0,1787337962,259014
es_baseaxis_s0,1787337968,259014
es_baseaxis_s0,1787337968,69
