timestamp_epoch,gpu,mem_used_mib
1787566667,0,0
1787566667,1,0
1787566668,0,0
1787566668,1,0
1787566669,0,0
1787566669,1,0
1787566670,0,0
1787566670,1,0
1787566671,0,0
1787566671,1,0
1787566673,0,0
1787566673,1,0
1787566674,0,0
1787566674,1,0
1787566675,0,0
1787566675,1,0
1787566676,0,4
1787566676,1,4
1787566677,0,4
1787566677,1,4
1787566678,0,4
1787566678,1,4
1787566679,0,4
1787566679,1,4
1787566680,0,4
1787566680,1,4
1787566681,0,4
1787566681,1,4
1787566682,0,4
1787566682,1,4
1787566683,0,4
1787566683,1,4
1787566684,0,4
1787566684,1,4
1787566685,0,4
1787566685,1,4
1787566686,0,4
1787566686,1,4
1787566687,0,4
1787566687,1,4
1787566688,0,4
1787566688,1,4
1787566689,0,4
1787566689,1,4
1787566690,0,4
1787566690,1,4
1787566692,0,4
1787566692,1,4
1787566693,0,4
1787566693,1,4
1787566694,0,4
1787566694,1,4
1787566695,0,4
1787566695,1,4
1787566696,0,4
1787566696,1,4
1787566697,0,4
1787566697,1,4
1787566698,0,4
1787566698,1,4
1787566699,0,4
1787566699,1,4
1787566700,0,4
1787566700,1,4
1787566701,0,4
1787566701,1,4
1787566702,0,4
1787566702,1,4
1787566703,0,4
1787566703,1,4
1787566704,0,4
1787566704,1,4
1787566705,0,4
1787566705,1,4
1787566706,0,4
1787566706,1,4
1787566707,0,4
1787566707,1,4
1787566709,0,4
1787566709,1,4
1787566710,0,4
1787566710,1,4
1787566711,0,4
1787566711,1,4
1787566712,0,4
1787566712,1,4
1787566713,0,4
1787566713,1,4
1787566714,0,4
1787566714,1,4
1787566715,0,4
1787566715,1,4
1787566716,0,4
1787566716,1,4
1787566717,0,4
1787566717,1,4
1787566718,0,4
1787566718,1,4
1787566719,0,4
1787566719,1,4
1787566720,0,4
1787566720,1,4
1787566721,0,4
1787566721,1,4
1787566722,0,4
1787566722,1,4
1787566723,0,4
1787566723,1,4
1787566724,0,4
1787566724,1,4
1787566725,0,4
1787566725,1,4
1787566726,0,4
1787566726,1,4
1787566728,0,4
1787566728,1,4
1787566729,0,4
1787566729,1,4
1787566730,0,4
1787566730,1,4
1787566731,0,4
1787566731,1,4
1787566732,0,4
1787566732,1,4
1787566733,0,4
1787566733,1,4
1787566734,0,4
1787566734,1,4
1787566735,0,4
1787566735,1,4
1787566736,0,4
1787566736,1,4
1787566737,0,4
1787566737,1,4
1787566738,0,4
1787566738,1,4
1787566739,0,4
1787566739,1,4
1787566740,0,4
1787566740,1,4
1787566741,0,4
1787566741,1,4
1787566742,0,4
1787566742,1,4
1787566743,0,526
1787566743,1,526
1787566744,0,526
1787566744,1,526
1787566745,0,526
1787566745,1,526
1787566746,0,526
1787566746,1,526
1787566748,0,526
1787566748,1,526
1787566749,0,526
1787566749,1,526
1787566750,0,526
1787566750,1,526
1787566751,0,526
1787566751,1,526
1787566752,0,526
1787566752,1,526
1787566753,0,3628
1787566753,1,3628
1787566754,0,3628
1787566754,1,3628
1787566755,0,3628
1787566755,1,3628
1787566756,0,3628
1787566756,1,3628
1787566757,0,3628
1787566757,1,3628
1787566758,0,3628
1787566758,1,3628
1787566759,0,16108
1787566759,1,13500
1787566760,0,16108
1787566760,1,13500
1787566761,0,16108
1787566761,1,13500
1787566762,0,16108
1787566762,1,13500
1787566763,0,16108
1787566763,1,13500
1787566764,0,16108
1787566764,1,13500
1787566766,0,16108
1787566766,1,13500
1787566767,0,16108
1787566767,1,13500
1787566768,0,16108
1787566768,1,4520
1787566769,0,16108
1787566769,1,8534
1787566770,0,16108
1787566770,1,13886
1787566771,0,29480
1787566771,1,25988
1787566772,0,29480
1787566772,1,25988
1787566773,0,29480
1787566773,1,25988
1787566774,0,29480
1787566774,1,25988
1787566775,0,29480
1787566775,1,25988
1787566776,0,29480
1787566776,1,25988
1787566777,0,16918
1787566777,1,15588
1787566778,0,16918
1787566778,1,15588
1787566779,0,16918
1787566779,1,15588
1787566780,0,16918
1787566780,1,15588
1787566781,0,16918
1787566781,1,15588
1787566783,0,16918
1787566783,1,15588
1787566784,0,16918
1787566784,1,15588
1787566785,0,16918
1787566785,1,15588
1787566786,0,16918
1787566786,1,15588
1787566787,0,16918
1787566787,1,15588
1787566788,0,16919
1787566788,1,15589
1787566789,0,16919
1787566789,1,15589
1787566790,0,16919
1787566790,1,15589
1787566791,0,16919
1787566791,1,15589
1787566792,0,16919
1787566792,1,15589
1787566793,0,16919
1787566793,1,15589
1787566794,0,16919
1787566794,1,15589
1787566795,0,16919
1787566795,1,15589
1787566796,0,16919
1787566796,1,15589
1787566797,0,16919
1787566797,1,15589
1787566798,0,16919
1787566798,1,15589
1787566799,0,16919
1787566799,1,15589
1787566800,0,16919
1787566800,1,15589
1787566802,0,16919
1787566802,1,15589
1787566803,0,16919
1787566803,1,15589
1787566804,0,16919
1787566804,1,15589
1787566805,0,16919
1787566805,1,15589
1787566806,0,16919
1787566806,1,15589
1787566807,0,16919
1787566807,1,15589
1787566808,0,16919
1787566808,1,15589
1787566809,0,16919
1787566809,1,15589
1787566810,0,16919
1787566810,1,15589
1787566811,0,16919
1787566811,1,15589
1787566812,0,16919
1787566812,1,15589
1787566813,0,16919
1787566813,1,15589
1787566814,0,16919
1787566814,1,15589
1787566815,0,16919
1787566815,1,15589
1787566816,0,16919
1787566816,1,15589
1787566818,0,16919
1787566818,1,15589
1787566819,0,16919
1787566819,1,15589
1787566820,0,16919
1787566820,1,15589
1787566821,0,16919
1787566821,1,15589
1787566822,0,16919
1787566822,1,15589
1787566823,0,16919
1787566823,1,15589
1787566824,0,16919
1787566824,1,15589
1787566825,0,16919
1787566825,1,15589
1787566826,0,16919
1787566826,1,15589
1787566827,0,16919
1787566827,1,15589
1787566828,0,16919
1787566828,1,15589
1787566829,0,16919
1787566829,1,15589
1787566830,0,16919
1787566830,1,15589
1787566831,0,16919
1787566831,1,15589
1787566832,0,16919
1787566832,1,15589
1787566834,0,16919
1787566834,1,15589
1787566835,0,16919
1787566835,1,15589
1787566836,0,16919
1787566836,1,15589
1787566837,0,16919
1787566837,1,15589
1787566838,0,16919
1787566838,1,15589
1787566839,0,16919
1787566839,1,15589
1787566840,0,16919
1787566840,1,15589
1787566841,0,16919
1787566841,1,15589
1787566842,0,16919
1787566842,1,15589
1787566843,0,16919
1787566843,1,15589
1787566844,0,16919
1787566844,1,15589
1787566845,0,16919
1787566845,1,15589
1787566846,0,16919
1787566846,1,15589
1787566847,0,17633
1787566847,1,16303
1787566848,0,18111
1787566848,1,16781
1787566849,0,25507
1787566849,1,24177
1787566850,0,25507
1787566850,1,24177
1787566851,0,25507
1787566851,1,24177
1787566853,0,25507
1787566853,1,24177
1787566854,0,25507
1787566854,1,24177
1787566855,0,25507
1787566855,1,24177
1787566856,0,25507
1787566856,1,24177
1787566857,0,25507
1787566857,1,24177
1787566858,0,25507
1787566858,1,24177
1787566859,0,25507
1787566859,1,24177
1787566860,0,25509
1787566860,1,24179
1787566861,0,25509
1787566861,1,24179
1787566862,0,25509
1787566862,1,24179
1787566863,0,32429
1787566863,1,31099
1787566864,0,84043
1787566864,1,82713
1787566865,0,84335
1787566865,1,83005
1787566866,0,84685
1787566866,1,83355
1787566867,0,90847
1787566867,1,89517
1787566868,0,90847
1787566868,1,89517
1787566869,0,18847
1787566869,1,24797
1787566870,0,46913
1787566870,1,47013
1787566872,0,30403
1787566872,1,29073
1787566873,0,84653
1787566873,1,83323
1787566874,0,84653
1787566874,1,83323
1787566875,0,84653
1787566875,1,83323
1787566876,0,84653
1787566876,1,83323
1787566877,0,84653
1787566877,1,83323
1787566878,0,84653
1787566878,1,83323
1787566879,0,84653
1787566879,1,83323
1787566880,0,84653
1787566880,1,83323
1787566881,0,84653
1787566881,1,83323
1787566882,0,84653
1787566882,1,83323
1787566883,0,84653
1787566883,1,83323
1787566884,0,84653
1787566884,1,83323
1787566885,0,84653
1787566885,1,83323
1787566886,0,84653
1787566886,1,83323
1787566887,0,84653
1787566887,1,83323
1787566889,0,84653
1787566889,1,83323
1787566890,0,84653
1787566890,1,83323
1787566891,0,84653
1787566891,1,83323
1787566892,0,84653
1787566892,1,83323
1787566893,0,84653
1787566893,1,83323
1787566894,0,84653
1787566894,1,83323
1787566895,0,84653
1787566895,1,83323
1787566896,0,84653
1787566896,1,83323
1787566897,0,84653
1787566897,1,83323
1787566898,0,84653
1787566898,1,83323
1787566899,0,84653
1787566899,1,83323
1787566900,0,84653
1787566900,1,83323
1787566901,0,84653
1787566901,1,83323
1787566902,0,84653
1787566902,1,83323
1787566903,0,84905
1787566903,1,83575
1787566904,0,84905
1787566904,1,83575
1787566905,0,84905
1787566905,1,83575
1787566907,0,84905
1787566907,1,83575
1787566908,0,84905
1787566908,1,83575
1787566909,0,84905
1787566909,1,83575
1787566910,0,84905
1787566910,1,83575
1787566911,0,84905
1787566911,1,83575
1787566912,0,84905
1787566912,1,83575
1787566913,0,84905
1787566913,1,83575
1787566914,0,84905
1787566914,1,83575
1787566915,0,21967
1787566915,1,20657
1787566916,0,22939
1787566916,1,21849
1787566917,0,22939
1787566917,1,21849
1787566918,0,22939
1787566918,1,21849
1787566919,0,22941
1787566919,1,21989
1787566920,0,23921
1787566920,1,22669
1787566921,0,24221
1787566921,1,23009
1787566922,0,24221
1787566922,1,23009
1787566923,0,24221
1787566923,1,23009
1787566924,0,24221
1787566924,1,23009
1787566926,0,24229
1787566926,1,23017
1787566927,0,27117
1787566927,1,25825
1787566928,0,27123
1787566928,1,25831
1787566929,0,27129
1787566929,1,25837
1787566930,0,27135
1787566930,1,25843
1787566931,0,27141
1787566931,1,25849
1787566932,0,27147
1787566932,1,25855
1787566933,0,27153
1787566933,1,25861
1787566934,0,27159
1787566934,1,25867
1787566935,0,27163
1787566935,1,25871
1787566936,0,27169
1787566936,1,25877
1787566937,0,32833
1787566937,1,31541
1787566938,0,33273
1787566938,1,31981
1787566939,0,33273
1787566939,1,31981
1787566940,0,33273
1787566940,1,31981
1787566941,0,33273
1787566941,1,31981
1787566942,0,33273
1787566942,1,31981
1787566944,0,33273
1787566944,1,31981
1787566945,0,33273
1787566945,1,31981
1787566946,0,33273
1787566946,1,31981
1787566947,0,33273
1787566947,1,31981
1787566948,0,36459
1787566948,1,35167
1787566949,0,54339
1787566949,1,53047
1787566950,0,54339
1787566950,1,53047
1787566951,0,56879
1787566951,1,55587
1787566952,0,56879
1787566952,1,55587
1787566953,0,56879
1787566953,1,55587
1787566954,0,56879
1787566954,1,55587
1787566955,0,56879
1787566955,1,56647
1787566956,0,56879
1787566956,1,56647
1787566957,0,57759
1787566957,1,57887
1787566958,0,57759
1787566958,1,57887
1787566959,0,57779
1787566959,1,57887
1787566960,0,57779
1787566960,1,57887
1787566961,0,57779
1787566961,1,57887
1787566963,0,57779
1787566963,1,57887
1787566964,0,57779
1787566964,1,57887
1787566965,0,57779
1787566965,1,57887
1787566966,0,57779
1787566966,1,57887
1787566967,0,57779
1787566967,1,57887
1787566968,0,57779
1787566968,1,57887
1787566969,0,57779
1787566969,1,57887
1787566970,0,57779
1787566970,1,57887
1787566971,0,57779
1787566971,1,57887
1787566972,0,57779
1787566972,1,57887
1787566973,0,119015
1787566973,1,119099
1787566974,0,124475
1787566974,1,124559
1787566975,0,57589
1787566975,1,56339
1787566976,0,116249
1787566976,1,114999
1787566977,0,116249
1787566977,1,114999
1787566978,0,116249
1787566978,1,114999
1787566979,0,116249
1787566979,1,114999
1787566980,0,116249
1787566980,1,114999
1787566982,0,116249
1787566982,1,114999
1787566983,0,116249
1787566983,1,114999
1787566984,0,116249
1787566984,1,114999
1787566985,0,116249
1787566985,1,114999
1787566986,0,50443
1787566986,1,49193
1787566987,0,54459
1787566987,1,53449
1787566988,0,54801
1787566988,1,53591
1787566989,0,55721
1787566989,1,54551
1787566990,0,55721
1787566990,1,54551
1787566991,0,55721
1787566991,1,54551
1787566992,0,59741
1787566992,1,58571
1787566993,0,59741
1787566993,1,58571
1787566994,0,59741
1787566994,1,58571
1787566995,0,59741
1787566995,1,58571
1787566996,0,59741
1787566996,1,58571
1787566997,0,59741
1787566997,1,58571
1787566998,0,59741
1787566998,1,58571
1787567000,0,59741
1787567000,1,58571
1787567001,0,59741
1787567001,1,58571
1787567002,0,59741
1787567002,1,58571
