wall_time_utc,gpu_timestamp,index,memory_used_mib,memory_free_mib,utilization_gpu_pct
2026-08-17_20:14:25,2026/08/17 20:14:25.346, 0, 57873, 85284, 95
2026-08-17_20:14:55,2026/08/17 20:14:55.400, 0, 104833, 38324, 79
2026-08-17_20:15:25,2026/08/17 20:15:25.452, 0, 42311, 100846, 98
2026-08-17_20:15:55,2026/08/17 20:15:55.504, 0, 42227, 100930, 98
2026-08-17_20:16:25,2026/08/17 20:16:25.554, 0, 45955, 97202, 0
2026-08-17_20:16:55,2026/08/17 20:16:55.610, 0, 40449, 102708, 87
2026-08-17_20:17:25,2026/08/17 20:17:25.665, 0, 42191, 100966, 98
2026-08-17_20:17:55,2026/08/17 20:17:55.720, 0, 66355, 76802, 73
2026-08-17_20:18:25,2026/08/17 20:18:25.772, 0, 38955, 104202, 70
2026-08-17_20:18:55,2026/08/17 20:18:55.822, 0, 42331, 100826, 96
2026-08-17_20:19:25,2026/08/17 20:19:25.879, 0, 58309, 84848, 90
2026-08-17_20:19:55,2026/08/17 20:19:55.933, 0, 104873, 38284, 78
2026-08-17_20:20:25,2026/08/17 20:20:25.982, 0, 42431, 100726, 95
2026-08-17_20:20:56,2026/08/17 20:20:56.033, 0, 56451, 86706, 75
2026-08-17_20:21:26,2026/08/17 20:21:26.089, 0, 45957, 97200, 20
2026-08-17_20:21:56,2026/08/17 20:21:56.142, 0, 38747, 104410, 0
2026-08-17_20:22:26,2026/08/17 20:22:26.198, 0, 43273, 99884, 98
2026-08-17_20:22:56,2026/08/17 20:22:56.248, 0, 59135, 84022, 92
2026-08-17_20:23:26,2026/08/17 20:23:26.305, 0, 104837, 38320, 83
2026-08-17_20:23:56,2026/08/17 20:23:56.359, 0, 42433, 100724, 96
2026-08-17_20:24:26,2026/08/17 20:24:26.414, 0, 58473, 84684, 91
2026-08-17_20:24:56,2026/08/17 20:24:56.469, 0, 104901, 38256, 78
2026-08-17_20:25:26,2026/08/17 20:25:26.525, 0, 42453, 100704, 97
2026-08-17_20:25:56,2026/08/17 20:25:56.581, 0, 57831, 85326, 89
2026-08-17_20:26:26,2026/08/17 20:26:26.639, 0, 104933, 38224, 79
2026-08-17_20:26:56,2026/08/17 20:26:56.694, 0, 42215, 100942, 96
2026-08-17_20:27:26,2026/08/17 20:27:26.749, 0, 57737, 85420, 85
2026-08-17_20:27:56,2026/08/17 20:27:56.803, 0, 104859, 38298, 78
2026-08-17_20:28:26,2026/08/17 20:28:26.857, 0, 42395, 100762, 96
2026-08-17_20:28:56,2026/08/17 20:28:56.911, 0, 57477, 85680, 88
2026-08-17_20:29:26,2026/08/17 20:29:26.969, 0, 104825, 38332, 77
2026-08-17_20:29:56,2026/08/17 20:29:57.023, 0, 42515, 100642, 98
2026-08-17_20:30:27,2026/08/17 20:30:27.075, 0, 57577, 85580, 90
2026-08-17_20:30:57,2026/08/17 20:30:57.130, 0, 104801, 38356, 80
2026-08-17_20:31:27,2026/08/17 20:31:27.184, 0, 42275, 100882, 98
2026-08-17_20:31:57,2026/08/17 20:31:57.238, 0, 58837, 84320, 96
2026-08-17_20:32:27,2026/08/17 20:32:27.291, 0, 104797, 38360, 78
2026-08-17_20:32:57,2026/08/17 20:32:57.345, 0, 42315, 100842, 96
2026-08-17_20:33:27,2026/08/17 20:33:27.397, 0, 58017, 85140, 96
2026-08-17_20:33:57,2026/08/17 20:33:57.452, 0, 38749, 104408, 0
2026-08-17_20:34:27,2026/08/17 20:34:27.505, 0, 42315, 100842, 98
2026-08-17_20:34:57,2026/08/17 20:34:57.558, 0, 45959, 97198, 0
2026-08-17_20:35:27,2026/08/17 20:35:27.609, 0, 42195, 100962, 94
2026-08-17_20:35:57,2026/08/17 20:35:57.663, 0, 57937, 85220, 85
2026-08-17_20:36:27,2026/08/17 20:36:27.719, 0, 104871, 38286, 78
2026-08-17_20:36:57,2026/08/17 20:36:57.773, 0, 42315, 100842, 97
2026-08-17_20:37:27,2026/08/17 20:37:27.828, 0, 57557, 85600, 87
2026-08-17_20:37:57,2026/08/17 20:37:57.888, 0, 104867, 38290, 83
2026-08-17_20:38:27,2026/08/17 20:38:27.943, 0, 42195, 100962, 95
2026-08-17_20:38:57,2026/08/17 20:38:57.999, 0, 104873, 38284, 79
2026-08-17_20:39:28,2026/08/17 20:39:28.056, 0, 42295, 100862, 97
2026-08-17_20:39:58,2026/08/17 20:39:58.111, 0, 57735, 85422, 95
2026-08-17_20:40:28,2026/08/17 20:40:28.169, 0, 104829, 38328, 78
2026-08-17_20:40:58,2026/08/17 20:40:58.226, 0, 42215, 100942, 98
2026-08-17_20:41:28,2026/08/17 20:41:28.282, 0, 87109, 56048, 64
2026-08-17_20:41:58,2026/08/17 20:41:58.338, 0, 42355, 100802, 33
2026-08-17_20:42:28,2026/08/17 20:42:28.395, 0, 57617, 85540, 87
2026-08-17_20:42:58,2026/08/17 20:42:58.450, 0, 104855, 38302, 78
2026-08-17_20:43:28,2026/08/17 20:43:28.506, 0, 42275, 100882, 96
2026-08-17_20:43:58,2026/08/17 20:43:58.561, 0, 58517, 84640, 92
2026-08-17_20:44:28,2026/08/17 20:44:28.618, 0, 38991, 104166, 0
2026-08-17_20:44:58,2026/08/17 20:44:58.670, 0, 52115, 91042, 9
2026-08-17_20:45:28,2026/08/17 20:45:28.723, 0, 104879, 38278, 81
2026-08-17_20:45:58,2026/08/17 20:45:58.777, 0, 42255, 100902, 95
2026-08-17_20:46:28,2026/08/17 20:46:28.831, 0, 58737, 84420, 96
2026-08-17_20:46:58,2026/08/17 20:46:58.890, 0, 104885, 38272, 83
2026-08-17_20:47:28,2026/08/17 20:47:28.947, 0, 42315, 100842, 98
2026-08-17_20:47:58,2026/08/17 20:47:59.001, 0, 104829, 38328, 0
2026-08-17_20:48:29,2026/08/17 20:48:29.056, 0, 42235, 100922, 95
2026-08-17_20:48:59,2026/08/17 20:48:59.113, 0, 57779, 85378, 95
2026-08-17_20:49:29,2026/08/17 20:49:29.171, 0, 104827, 38330, 79
2026-08-17_20:49:59,2026/08/17 20:49:59.222, 0, 42195, 100962, 96
2026-08-17_20:50:29,2026/08/17 20:50:29.273, 0, 87107, 56050, 31
2026-08-17_20:50:59,2026/08/17 20:50:59.327, 0, 39951, 103206, 1
2026-08-17_20:51:29,2026/08/17 20:51:29.383, 0, 48075, 95082, 34
2026-08-17_20:51:59,2026/08/17 20:51:59.438, 0, 87243, 55914, 0
2026-08-17_20:52:29,2026/08/17 20:52:29.491, 0, 40475, 102682, 85
2026-08-17_20:52:59,2026/08/17 20:52:59.546, 0, 56095, 87062, 58
2026-08-17_20:53:29,2026/08/17 20:53:29.601, 0, 104879, 38278, 82
2026-08-17_20:53:59,2026/08/17 20:53:59.655, 0, 42215, 100942, 98
2026-08-17_20:54:29,2026/08/17 20:54:29.710, 0, 59215, 83942, 94
2026-08-17_20:54:59,2026/08/17 20:54:59.767, 0, 38749, 104408, 0
2026-08-17_20:55:29,2026/08/17 20:55:29.820, 0, 42155, 101002, 97
2026-08-17_20:55:59,2026/08/17 20:55:59.874, 0, 44771, 98386, 3
2026-08-17_20:56:29,2026/08/17 20:56:29.925, 0, 42215, 100942, 97
2026-08-17_20:56:59,2026/08/17 20:56:59.981, 0, 57997, 85160, 93
2026-08-17_20:57:30,2026/08/17 20:57:30.036, 0, 39511, 103646, 0
2026-08-17_20:58:00,2026/08/17 20:58:00.091, 0, 55895, 87262, 55
2026-08-17_20:58:30,2026/08/17 20:58:30.145, 0, 44771, 98386, 3
2026-08-17_20:59:00,2026/08/17 20:59:00.199, 0, 42235, 100922, 96
2026-08-17_20:59:30,2026/08/17 20:59:30.255, 0, 58875, 84282, 76
2026-08-17_21:00:00,2026/08/17 21:00:00.310, 0, 40113, 103044, 1
2026-08-17_21:00:30,2026/08/17 21:00:30.363, 0, 56135, 87022, 87
2026-08-17_21:01:00,2026/08/17 21:01:00.417, 0, 104829, 38328, 84
2026-08-17_21:01:30,2026/08/17 21:01:30.471, 0, 42215, 100942, 96
2026-08-17_21:02:00,2026/08/17 21:02:00.525, 0, 44771, 98386, 0
2026-08-17_21:02:30,2026/08/17 21:02:30.578, 0, 42235, 100922, 96
2026-08-17_21:03:00,2026/08/17 21:03:00.633, 0, 57759, 85398, 79
2026-08-17_21:03:30,2026/08/17 21:03:30.687, 0, 38749, 104408, 0
2026-08-17_21:04:00,2026/08/17 21:04:00.740, 0, 56255, 86902, 65
2026-08-17_21:04:30,2026/08/17 21:04:30.796, 0, 104841, 38316, 85
2026-08-17_21:05:00,2026/08/17 21:05:00.852, 0, 42275, 100882, 96
2026-08-17_21:05:30,2026/08/17 21:05:30.908, 0, 104925, 38232, 78
2026-08-17_21:06:00,2026/08/17 21:06:00.962, 0, 42135, 101022, 98
2026-08-17_21:06:30,2026/08/17 21:06:31.015, 0, 57979, 85178, 91
2026-08-17_21:07:01,2026/08/17 21:07:01.072, 0, 40135, 103022, 79
2026-08-17_21:07:31,2026/08/17 21:07:31.128, 0, 56537, 86620, 91
2026-08-17_21:08:01,2026/08/17 21:08:01.184, 0, 104853, 38304, 83
2026-08-17_21:08:31,2026/08/17 21:08:31.238, 0, 42215, 100942, 95
2026-08-17_21:09:01,2026/08/17 21:09:01.294, 0, 104811, 38346, 71
2026-08-17_21:09:31,2026/08/17 21:09:31.347, 0, 42175, 100982, 96
2026-08-17_21:10:01,2026/08/17 21:10:01.401, 0, 58897, 84260, 92
2026-08-17_21:10:31,2026/08/17 21:10:31.452, 0, 40235, 102922, 77
2026-08-17_21:11:01,2026/08/17 21:11:01.502, 0, 42275, 100882, 95
2026-08-17_21:11:31,2026/08/17 21:11:31.552, 0, 104817, 38340, 0
2026-08-17_21:12:01,2026/08/17 21:12:01.602, 0, 42315, 100842, 97
2026-08-17_21:12:31,2026/08/17 21:12:31.657, 0, 57999, 85158, 79
2026-08-17_21:13:01,2026/08/17 21:13:01.711, 0, 40435, 102722, 83
2026-08-17_21:13:31,2026/08/17 21:13:31.766, 0, 42253, 100904, 97
2026-08-17_21:14:01,2026/08/17 21:14:01.820, 0, 44771, 98386, 0
2026-08-17_21:14:31,2026/08/17 21:14:31.871, 0, 42275, 100882, 95
2026-08-17_21:15:01,2026/08/17 21:15:01.926, 0, 57457, 85700, 86
2026-08-17_21:15:31,2026/08/17 21:15:31.984, 0, 40273, 102884, 1
2026-08-17_21:16:02,2026/08/17 21:16:02.040, 0, 42415, 100742, 96
2026-08-17_21:16:32,2026/08/17 21:16:32.094, 0, 44771, 98386, 3
2026-08-17_21:17:02,2026/08/17 21:17:02.148, 0, 40395, 102762, 0
2026-08-17_21:17:32,2026/08/17 21:17:32.205, 0, 57757, 85400, 95
2026-08-17_21:18:02,2026/08/17 21:18:02.261, 0, 39091, 104066, 88
2026-08-17_21:18:32,2026/08/17 21:18:32.316, 0, 42235, 100922, 97
2026-08-17_21:19:02,2026/08/17 21:19:02.369, 0, 104865, 38292, 78
2026-08-17_21:19:32,2026/08/17 21:19:32.424, 0, 42475, 100682, 98
2026-08-17_21:20:02,2026/08/17 21:20:02.480, 0, 57617, 85540, 94
2026-08-17_21:20:32,2026/08/17 21:20:32.534, 0, 104865, 38292, 79
2026-08-17_21:21:02,2026/08/17 21:21:02.586, 0, 42255, 100902, 96
2026-08-17_21:21:32,2026/08/17 21:21:32.641, 0, 58037, 85120, 93
2026-08-17_21:22:02,2026/08/17 21:22:02.698, 0, 104885, 38272, 82
2026-08-17_21:22:32,2026/08/17 21:22:32.751, 0, 42355, 100802, 98
2026-08-17_21:23:02,2026/08/17 21:23:02.801, 0, 104797, 38360, 70
2026-08-17_21:23:32,2026/08/17 21:23:32.858, 0, 42275, 100882, 98
2026-08-17_21:24:02,2026/08/17 21:24:02.912, 0, 58199, 84958, 69
2026-08-17_21:24:32,2026/08/17 21:24:32.970, 0, 40653, 102504, 86
2026-08-17_21:25:02,2026/08/17 21:25:03.025, 0, 56115, 87042, 51
2026-08-17_21:25:33,2026/08/17 21:25:33.081, 0, 104859, 38298, 82
2026-08-17_21:26:03,2026/08/17 21:26:03.135, 0, 42255, 100902, 98
2026-08-17_21:26:33,2026/08/17 21:26:33.189, 0, 87249, 55908, 0
2026-08-17_21:27:03,2026/08/17 21:27:03.246, 0, 42255, 100902, 50
2026-08-17_21:27:33,2026/08/17 21:27:33.302, 0, 57857, 85300, 83
2026-08-17_21:28:03,2026/08/17 21:28:03.359, 0, 104889, 38268, 78
2026-08-17_21:28:33,2026/08/17 21:28:33.415, 0, 42275, 100882, 97
2026-08-17_21:29:03,2026/08/17 21:29:03.467, 0, 87107, 56050, 25
2026-08-17_21:29:33,2026/08/17 21:29:33.521, 0, 40395, 102762, 78
2026-08-17_21:30:03,2026/08/17 21:30:03.574, 0, 43195, 99962, 98
2026-08-17_21:30:33,2026/08/17 21:30:33.627, 0, 44771, 98386, 0
2026-08-17_21:31:03,2026/08/17 21:31:03.686, 0, 42215, 100942, 97
2026-08-17_21:31:33,2026/08/17 21:31:33.739, 0, 58995, 84162, 96
2026-08-17_21:32:03,2026/08/17 21:32:03.796, 0, 104949, 38208, 83
2026-08-17_21:32:33,2026/08/17 21:32:33.851, 0, 42275, 100882, 98
2026-08-17_21:33:03,2026/08/17 21:33:03.907, 0, 67397, 75760, 0
2026-08-17_21:33:33,2026/08/17 21:33:33.964, 0, 67397, 75760, 0
2026-08-17_21:34:03,2026/08/17 21:34:04.019, 0, 4, 143153, 0
2026-08-17_21:34:34,2026/08/17 21:34:34.072, 0, 0, 143156, 0
2026-08-17_21:35:04,2026/08/17 21:35:04.119, 0, 6775, 136382, 0
2026-08-17_21:35:34,2026/08/17 21:35:34.169, 0, 123185, 19972, 0
2026-08-17_21:36:04,2026/08/17 21:36:04.216, 0, 123187, 19970, 100
2026-08-17_21:36:34,2026/08/17 21:36:34.270, 0, 123187, 19970, 93
2026-08-17_21:37:04,2026/08/17 21:37:04.323, 0, 0, 143156, 0
2026-08-17_21:37:34,2026/08/17 21:37:34.367, 0, 6777, 136380, 0
2026-08-17_21:38:04,2026/08/17 21:38:04.423, 0, 113269, 29888, 90
2026-08-17_21:38:34,2026/08/17 21:38:34.479, 0, 118017, 25140, 90
2026-08-17_21:39:04,2026/08/17 21:39:04.530, 0, 118017, 25140, 90
2026-08-17_21:39:34,2026/08/17 21:39:34.586, 0, 118017, 25140, 90
2026-08-17_21:40:04,2026/08/17 21:40:04.638, 0, 118017, 25140, 90
2026-08-17_21:40:34,2026/08/17 21:40:34.692, 0, 118017, 25140, 91
2026-08-17_21:41:04,2026/08/17 21:41:04.747, 0, 118017, 25140, 90
2026-08-17_21:41:34,2026/08/17 21:41:34.798, 0, 118017, 25140, 92
2026-08-17_21:42:04,2026/08/17 21:42:04.852, 0, 118017, 25140, 90
2026-08-17_21:42:34,2026/08/17 21:42:34.907, 0, 118017, 25140, 90
2026-08-17_21:43:04,2026/08/17 21:43:04.960, 0, 118017, 25140, 91
2026-08-17_21:43:34,2026/08/17 21:43:35.015, 0, 118017, 25140, 90
2026-08-17_21:44:05,2026/08/17 21:44:05.070, 0, 118017, 25140, 90
2026-08-17_21:44:35,2026/08/17 21:44:35.124, 0, 118017, 25140, 90
2026-08-17_21:45:05,2026/08/17 21:45:05.178, 0, 118017, 25140, 90
2026-08-17_21:45:35,2026/08/17 21:45:35.236, 0, 118017, 25140, 90
2026-08-17_21:46:05,2026/08/17 21:46:05.290, 0, 118017, 25140, 90
2026-08-17_21:46:35,2026/08/17 21:46:35.346, 0, 118017, 25140, 91
2026-08-17_21:47:05,2026/08/17 21:47:05.402, 0, 118017, 25140, 90
2026-08-17_21:47:35,2026/08/17 21:47:35.458, 0, 118017, 25140, 90
2026-08-17_21:48:05,2026/08/17 21:48:05.514, 0, 118017, 25140, 90
2026-08-17_21:48:35,2026/08/17 21:48:35.573, 0, 118017, 25140, 90
2026-08-17_21:49:05,2026/08/17 21:49:05.634, 0, 118017, 25140, 90
2026-08-17_21:49:35,2026/08/17 21:49:35.689, 0, 118017, 25140, 90
2026-08-17_21:50:05,2026/08/17 21:50:05.743, 0, 118019, 25138, 90
2026-08-17_21:50:35,2026/08/17 21:50:35.797, 0, 118019, 25138, 91
2026-08-17_21:51:05,2026/08/17 21:51:05.853, 0, 118019, 25138, 90
2026-08-17_21:51:35,2026/08/17 21:51:35.908, 0, 118019, 25138, 91
2026-08-17_21:52:05,2026/08/17 21:52:05.963, 0, 118019, 25138, 90
2026-08-17_21:52:35,2026/08/17 21:52:36.013, 0, 118019, 25138, 92
2026-08-17_21:53:06,2026/08/17 21:53:06.069, 0, 118021, 25136, 90
2026-08-17_21:53:36,2026/08/17 21:53:36.122, 0, 118021, 25136, 90
2026-08-17_21:54:06,2026/08/17 21:54:06.176, 0, 118021, 25136, 90
2026-08-17_21:54:36,2026/08/17 21:54:36.234, 0, 118021, 25136, 90
2026-08-17_21:55:06,2026/08/17 21:55:06.287, 0, 118021, 25136, 91
2026-08-17_21:55:36,2026/08/17 21:55:36.344, 0, 118021, 25136, 90
2026-08-17_21:56:06,2026/08/17 21:56:06.400, 0, 118021, 25136, 91
2026-08-17_21:56:36,2026/08/17 21:56:36.458, 0, 118021, 25136, 90
2026-08-17_21:57:06,2026/08/17 21:57:06.513, 0, 118021, 25136, 91
2026-08-17_21:57:36,2026/08/17 21:57:36.569, 0, 118021, 25136, 90
2026-08-17_21:58:06,2026/08/17 21:58:06.627, 0, 118021, 25136, 91
2026-08-17_21:58:36,2026/08/17 21:58:36.683, 0, 118021, 25136, 90
2026-08-17_21:59:06,2026/08/17 21:59:06.738, 0, 118021, 25136, 91
2026-08-17_21:59:36,2026/08/17 21:59:36.795, 0, 118021, 25136, 90
2026-08-17_22:00:06,2026/08/17 22:00:06.853, 0, 118021, 25136, 91
2026-08-17_22:00:36,2026/08/17 22:00:36.908, 0, 118021, 25136, 90
2026-08-17_22:01:06,2026/08/17 22:01:06.962, 0, 118021, 25136, 92
2026-08-17_22:01:36,2026/08/17 22:01:37.016, 0, 118021, 25136, 90
2026-08-17_22:02:07,2026/08/17 22:02:07.070, 0, 118021, 25136, 90
2026-08-17_22:02:37,2026/08/17 22:02:37.125, 0, 118021, 25136, 91
2026-08-17_22:03:07,2026/08/17 22:03:07.181, 0, 118021, 25136, 90
2026-08-17_22:03:37,2026/08/17 22:03:37.237, 0, 118021, 25136, 92
2026-08-17_22:04:07,2026/08/17 22:04:07.292, 0, 118021, 25136, 90
2026-08-17_22:04:37,2026/08/17 22:04:37.350, 0, 118021, 25136, 90
2026-08-17_22:05:07,2026/08/17 22:05:07.406, 0, 118021, 25136, 90
2026-08-17_22:05:37,2026/08/17 22:05:37.461, 0, 118021, 25136, 91
2026-08-17_22:06:07,2026/08/17 22:06:07.518, 0, 118021, 25136, 90
2026-08-17_22:06:37,2026/08/17 22:06:37.573, 0, 118021, 25136, 90
2026-08-17_22:07:07,2026/08/17 22:07:07.628, 0, 118021, 25136, 90
2026-08-17_22:07:37,2026/08/17 22:07:37.684, 0, 118021, 25136, 90
2026-08-17_22:08:07,2026/08/17 22:08:07.740, 0, 118021, 25136, 91
2026-08-17_22:08:37,2026/08/17 22:08:37.797, 0, 118021, 25136, 90
2026-08-17_22:09:07,2026/08/17 22:09:07.852, 0, 118021, 25136, 91
2026-08-17_22:09:37,2026/08/17 22:09:37.905, 0, 118021, 25136, 90
2026-08-17_22:10:07,2026/08/17 22:10:07.960, 0, 118021, 25136, 91
2026-08-17_22:10:37,2026/08/17 22:10:38.018, 0, 118021, 25136, 90
2026-08-17_22:11:08,2026/08/17 22:11:08.075, 0, 118021, 25136, 91
2026-08-17_22:11:38,2026/08/17 22:11:38.130, 0, 118021, 25136, 90
2026-08-17_22:12:08,2026/08/17 22:12:08.184, 0, 118021, 25136, 90
2026-08-17_22:12:38,2026/08/17 22:12:38.238, 0, 118021, 25136, 91
2026-08-17_22:13:08,2026/08/17 22:13:08.294, 0, 118021, 25136, 90
2026-08-17_22:13:38,2026/08/17 22:13:38.350, 0, 118021, 25136, 91
2026-08-17_22:14:08,2026/08/17 22:14:08.406, 0, 118021, 25136, 90
2026-08-17_22:14:38,2026/08/17 22:14:38.461, 0, 118021, 25136, 91
2026-08-17_22:15:08,2026/08/17 22:15:08.515, 0, 118021, 25136, 90
2026-08-17_22:15:38,2026/08/17 22:15:38.572, 0, 118021, 25136, 91
2026-08-17_22:16:08,2026/08/17 22:16:08.622, 0, 118021, 25136, 90
2026-08-17_22:16:38,2026/08/17 22:16:38.674, 0, 118021, 25136, 90
2026-08-17_22:17:08,2026/08/17 22:17:08.726, 0, 118021, 25136, 90
2026-08-17_22:17:38,2026/08/17 22:17:38.780, 0, 118021, 25136, 90
2026-08-17_22:18:08,2026/08/17 22:18:08.837, 0, 118021, 25136, 91
2026-08-17_22:18:38,2026/08/17 22:18:38.892, 0, 118021, 25136, 90
2026-08-17_22:19:08,2026/08/17 22:19:08.947, 0, 118021, 25136, 92
2026-08-17_22:19:38,2026/08/17 22:19:39.002, 0, 118021, 25136, 90
2026-08-17_22:20:09,2026/08/17 22:20:09.053, 0, 118021, 25136, 98
2026-08-17_22:20:39,2026/08/17 22:20:39.109, 0, 118021, 25136, 91
2026-08-17_22:21:09,2026/08/17 22:21:09.163, 0, 118021, 25136, 90
2026-08-17_22:21:39,2026/08/17 22:21:39.215, 0, 118021, 25136, 92
2026-08-17_22:22:09,2026/08/17 22:22:09.269, 0, 118021, 25136, 90
2026-08-17_22:22:39,2026/08/17 22:22:39.323, 0, 118021, 25136, 91
2026-08-17_22:23:09,2026/08/17 22:23:09.371, 0, 118021, 25136, 90
2026-08-17_22:23:39,2026/08/17 22:23:39.425, 0, 118021, 25136, 90
2026-08-17_22:24:09,2026/08/17 22:24:09.475, 0, 118021, 25136, 91
2026-08-17_22:24:39,2026/08/17 22:24:39.530, 0, 118021, 25136, 90
2026-08-17_22:25:09,2026/08/17 22:25:09.580, 0, 118021, 25136, 91
2026-08-17_22:25:39,2026/08/17 22:25:39.630, 0, 118021, 25136, 90
2026-08-17_22:26:09,2026/08/17 22:26:09.684, 0, 118021, 25136, 91
2026-08-17_22:26:39,2026/08/17 22:26:39.736, 0, 118021, 25136, 90
2026-08-17_22:27:09,2026/08/17 22:27:09.791, 0, 118021, 25136, 90
2026-08-17_22:27:39,2026/08/17 22:27:39.842, 0, 118021, 25136, 91
2026-08-17_22:28:09,2026/08/17 22:28:09.895, 0, 118021, 25136, 91
2026-08-17_22:28:39,2026/08/17 22:28:39.949, 0, 118021, 25136, 90
2026-08-17_22:29:09,2026/08/17 22:29:10.005, 0, 118021, 25136, 92
2026-08-17_22:29:40,2026/08/17 22:29:40.058, 0, 118021, 25136, 90
2026-08-17_22:30:10,2026/08/17 22:30:10.112, 0, 118021, 25136, 91
2026-08-17_22:30:40,2026/08/17 22:30:40.168, 0, 118021, 25136, 91
2026-08-17_22:31:10,2026/08/17 22:31:10.219, 0, 118021, 25136, 92
2026-08-17_22:31:40,2026/08/17 22:31:40.272, 0, 118021, 25136, 90
2026-08-17_22:32:10,2026/08/17 22:32:10.328, 0, 118021, 25136, 90
2026-08-17_22:32:40,2026/08/17 22:32:40.384, 0, 118021, 25136, 90
2026-08-17_22:33:10,2026/08/17 22:33:10.440, 0, 118021, 25136, 90
2026-08-17_22:33:40,2026/08/17 22:33:40.497, 0, 118021, 25136, 91
2026-08-17_22:34:10,2026/08/17 22:34:10.553, 0, 118021, 25136, 90
2026-08-17_22:34:40,2026/08/17 22:34:40.602, 0, 118021, 25136, 92
2026-08-17_22:35:10,2026/08/17 22:35:10.655, 0, 118021, 25136, 90
2026-08-17_22:35:40,2026/08/17 22:35:40.709, 0, 118021, 25136, 91
2026-08-17_22:36:10,2026/08/17 22:36:10.761, 0, 118021, 25136, 90
2026-08-17_22:36:40,2026/08/17 22:36:40.816, 0, 118021, 25136, 91
2026-08-17_22:37:10,2026/08/17 22:37:10.868, 0, 118021, 25136, 90
2026-08-17_22:37:40,2026/08/17 22:37:40.924, 0, 118021, 25136, 97
2026-08-17_22:38:10,2026/08/17 22:38:10.980, 0, 118021, 25136, 91
2026-08-17_22:38:41,2026/08/17 22:38:41.034, 0, 118021, 25136, 90
2026-08-17_22:39:11,2026/08/17 22:39:11.091, 0, 118021, 25136, 91
2026-08-17_22:39:41,2026/08/17 22:39:41.146, 0, 118021, 25136, 90
2026-08-17_22:40:11,2026/08/17 22:40:11.199, 0, 118021, 25136, 91
2026-08-17_22:40:41,2026/08/17 22:40:41.252, 0, 118021, 25136, 91
2026-08-17_22:41:11,2026/08/17 22:41:11.302, 0, 118021, 25136, 91
2026-08-17_22:41:41,2026/08/17 22:41:41.358, 0, 118021, 25136, 90
2026-08-17_22:42:11,2026/08/17 22:42:11.410, 0, 118021, 25136, 92
2026-08-17_22:42:41,2026/08/17 22:42:41.465, 0, 118021, 25136, 90
2026-08-17_22:43:11,2026/08/17 22:43:11.516, 0, 118021, 25136, 90
2026-08-17_22:43:41,2026/08/17 22:43:41.565, 0, 118021, 25136, 91
2026-08-17_22:44:11,2026/08/17 22:44:11.619, 0, 118021, 25136, 90
2026-08-17_22:44:41,2026/08/17 22:44:41.669, 0, 118021, 25136, 90
2026-08-17_22:45:11,2026/08/17 22:45:11.725, 0, 118021, 25136, 90
2026-08-17_22:45:41,2026/08/17 22:45:41.776, 0, 118021, 25136, 91
2026-08-17_22:46:11,2026/08/17 22:46:11.832, 0, 118021, 25136, 91
2026-08-17_22:46:41,2026/08/17 22:46:41.889, 0, 118021, 25136, 92
2026-08-17_22:47:11,2026/08/17 22:47:11.942, 0, 118021, 25136, 90
2026-08-17_22:47:41,2026/08/17 22:47:41.998, 0, 118021, 25136, 92
2026-08-17_22:48:12,2026/08/17 22:48:12.053, 0, 118021, 25136, 90
2026-08-17_22:48:42,2026/08/17 22:48:42.108, 0, 118021, 25136, 91
2026-08-17_22:49:12,2026/08/17 22:49:12.163, 0, 118021, 25136, 91
2026-08-17_22:49:42,2026/08/17 22:49:42.218, 0, 118021, 25136, 90
2026-08-17_22:50:12,2026/08/17 22:50:12.272, 0, 118021, 25136, 90
2026-08-17_22:50:42,2026/08/17 22:50:42.331, 0, 118021, 25136, 90
2026-08-17_22:51:12,2026/08/17 22:51:12.386, 0, 118021, 25136, 91
2026-08-17_22:51:42,2026/08/17 22:51:42.440, 0, 118021, 25136, 90
2026-08-17_22:52:12,2026/08/17 22:52:12.496, 0, 118021, 25136, 92
2026-08-17_22:52:42,2026/08/17 22:52:42.550, 0, 118021, 25136, 90
2026-08-17_22:53:12,2026/08/17 22:53:12.603, 0, 118021, 25136, 92
2026-08-17_22:53:42,2026/08/17 22:53:42.660, 0, 118021, 25136, 90
2026-08-17_22:54:12,2026/08/17 22:54:12.714, 0, 118021, 25136, 92
2026-08-17_22:54:42,2026/08/17 22:54:42.770, 0, 118021, 25136, 90
2026-08-17_22:55:12,2026/08/17 22:55:12.826, 0, 118021, 25136, 90
2026-08-17_22:55:42,2026/08/17 22:55:42.884, 0, 118021, 25136, 90
2026-08-17_22:56:12,2026/08/17 22:56:12.939, 0, 118021, 25136, 90
2026-08-17_22:56:42,2026/08/17 22:56:42.992, 0, 118021, 25136, 91
2026-08-17_22:57:13,2026/08/17 22:57:13.046, 0, 118021, 25136, 90
2026-08-17_22:57:43,2026/08/17 22:57:43.102, 0, 118021, 25136, 94
2026-08-17_22:58:13,2026/08/17 22:58:13.157, 0, 118021, 25136, 90
2026-08-17_22:58:43,2026/08/17 22:58:43.213, 0, 118021, 25136, 92
2026-08-17_22:59:13,2026/08/17 22:59:13.267, 0, 118021, 25136, 91
2026-08-17_22:59:43,2026/08/17 22:59:43.321, 0, 118021, 25136, 90
2026-08-17_23:00:13,2026/08/17 23:00:13.376, 0, 118021, 25136, 90
2026-08-17_23:00:43,2026/08/17 23:00:43.431, 0, 118021, 25136, 90
2026-08-17_23:01:13,2026/08/17 23:01:13.485, 0, 118021, 25136, 91
2026-08-17_23:01:43,2026/08/17 23:01:43.540, 0, 118021, 25136, 90
2026-08-17_23:02:13,2026/08/17 23:02:13.593, 0, 118021, 25136, 93
2026-08-17_23:02:43,2026/08/17 23:02:43.646, 0, 118021, 25136, 91
2026-08-17_23:03:13,2026/08/17 23:03:13.700, 0, 118021, 25136, 90
2026-08-17_23:03:43,2026/08/17 23:03:43.752, 0, 118021, 25136, 91
2026-08-17_23:04:13,2026/08/17 23:04:13.808, 0, 118021, 25136, 90
2026-08-17_23:04:43,2026/08/17 23:04:43.865, 0, 118021, 25136, 92
2026-08-17_23:05:13,2026/08/17 23:05:13.918, 0, 118021, 25136, 91
2026-08-17_23:05:43,2026/08/17 23:05:43.971, 0, 118021, 25136, 90
2026-08-17_23:06:13,2026/08/17 23:06:14.026, 0, 118021, 25136, 90
2026-08-17_23:06:44,2026/08/17 23:06:44.080, 0, 118021, 25136, 90
2026-08-17_23:07:14,2026/08/17 23:07:14.137, 0, 118021, 25136, 91
2026-08-17_23:07:44,2026/08/17 23:07:44.191, 0, 118021, 25136, 90
2026-08-17_23:08:14,2026/08/17 23:08:14.248, 0, 118021, 25136, 92
2026-08-17_23:08:44,2026/08/17 23:08:44.303, 0, 118021, 25136, 90
2026-08-17_23:09:14,2026/08/17 23:09:14.357, 0, 118021, 25136, 91
2026-08-17_23:09:44,2026/08/17 23:09:44.413, 0, 118021, 25136, 91
2026-08-17_23:10:14,2026/08/17 23:10:14.470, 0, 118021, 25136, 90
2026-08-17_23:10:44,2026/08/17 23:10:44.522, 0, 118021, 25136, 92
2026-08-17_23:11:14,2026/08/17 23:11:14.578, 0, 118021, 25136, 90
2026-08-17_23:11:44,2026/08/17 23:11:44.631, 0, 118021, 25136, 92
2026-08-17_23:12:14,2026/08/17 23:12:14.676, 0, 118021, 25136, 91
2026-08-17_23:12:44,2026/08/17 23:12:44.733, 0, 118021, 25136, 90
2026-08-17_23:13:14,2026/08/17 23:13:14.782, 0, 118021, 25136, 91
2026-08-17_23:13:44,2026/08/17 23:13:44.838, 0, 118021, 25136, 90
2026-08-17_23:14:14,2026/08/17 23:14:14.888, 0, 118021, 25136, 90
2026-08-17_23:14:44,2026/08/17 23:14:44.940, 0, 118021, 25136, 91
2026-08-17_23:15:14,2026/08/17 23:15:14.988, 0, 118021, 25136, 90
2026-08-17_23:15:45,2026/08/17 23:15:45.045, 0, 118021, 25136, 92
2026-08-17_23:16:15,2026/08/17 23:16:15.099, 0, 118021, 25136, 90
2026-08-17_23:16:45,2026/08/17 23:16:45.149, 0, 118021, 25136, 92
2026-08-17_23:17:15,2026/08/17 23:17:15.202, 0, 118021, 25136, 91
2026-08-17_23:17:45,2026/08/17 23:17:45.253, 0, 118021, 25136, 90
2026-08-17_23:18:15,2026/08/17 23:18:15.303, 0, 118021, 25136, 90
2026-08-17_23:18:45,2026/08/17 23:18:45.353, 0, 118021, 25136, 90
2026-08-17_23:19:15,2026/08/17 23:19:15.401, 0, 118021, 25136, 90
2026-08-17_23:19:45,2026/08/17 23:19:45.452, 0, 118021, 25136, 91
2026-08-17_23:20:15,2026/08/17 23:20:15.499, 0, 118021, 25136, 90
2026-08-17_23:20:45,2026/08/17 23:20:45.553, 0, 118021, 25136, 92
2026-08-17_23:21:15,2026/08/17 23:21:15.604, 0, 118021, 25136, 93
2026-08-17_23:21:45,2026/08/17 23:21:45.658, 0, 118021, 25136, 72
2026-08-17_23:22:15,2026/08/17 23:22:15.706, 0, 0, 143156, 0
2026-08-17_23:22:45,2026/08/17 23:22:45.760, 0, 6775, 136382, 0
2026-08-17_23:23:15,2026/08/17 23:23:15.811, 0, 127359, 15798, 90
2026-08-17_23:23:45,2026/08/17 23:23:45.867, 0, 132107, 11050, 91
2026-08-17_23:24:15,2026/08/17 23:24:15.920, 0, 132107, 11050, 91
2026-08-17_23:24:45,2026/08/17 23:24:45.976, 0, 132107, 11050, 89
2026-08-17_23:25:15,2026/08/17 23:25:16.026, 0, 132107, 11050, 90
2026-08-17_23:25:46,2026/08/17 23:25:46.083, 0, 132107, 11050, 92
2026-08-17_23:26:16,2026/08/17 23:26:16.136, 0, 132107, 11050, 90
2026-08-17_23:26:46,2026/08/17 23:26:46.192, 0, 132107, 11050, 88
2026-08-17_23:27:16,2026/08/17 23:27:16.243, 0, 132107, 11050, 91
2026-08-17_23:27:46,2026/08/17 23:27:46.299, 0, 132107, 11050, 90
2026-08-17_23:28:16,2026/08/17 23:28:16.348, 0, 132107, 11050, 92
2026-08-17_23:28:46,2026/08/17 23:28:46.403, 0, 132107, 11050, 91
2026-08-17_23:29:16,2026/08/17 23:29:16.456, 0, 132107, 11050, 91
2026-08-17_23:29:46,2026/08/17 23:29:46.510, 0, 132107, 11050, 90
2026-08-17_23:30:16,2026/08/17 23:30:16.559, 0, 132107, 11050, 90
2026-08-17_23:30:46,2026/08/17 23:30:46.613, 0, 132107, 11050, 90
2026-08-17_23:31:16,2026/08/17 23:31:16.661, 0, 132107, 11050, 92
2026-08-17_23:31:46,2026/08/17 23:31:46.713, 0, 132107, 11050, 90
2026-08-17_23:32:16,2026/08/17 23:32:16.762, 0, 132107, 11050, 91
2026-08-17_23:32:46,2026/08/17 23:32:46.817, 0, 132107, 11050, 90
2026-08-17_23:33:16,2026/08/17 23:33:16.866, 0, 132107, 11050, 90
2026-08-17_23:33:46,2026/08/17 23:33:46.918, 0, 132107, 11050, 91
2026-08-17_23:34:16,2026/08/17 23:34:16.966, 0, 132107, 11050, 88
2026-08-17_23:34:46,2026/08/17 23:34:47.022, 0, 132107, 11050, 90
2026-08-17_23:35:17,2026/08/17 23:35:17.074, 0, 132107, 11050, 91
2026-08-17_23:35:47,2026/08/17 23:35:47.127, 0, 132107, 11050, 90
2026-08-17_23:36:17,2026/08/17 23:36:17.175, 0, 132107, 11050, 90
2026-08-17_23:36:47,2026/08/17 23:36:47.230, 0, 132107, 11050, 90
2026-08-17_23:37:17,2026/08/17 23:37:17.281, 0, 132107, 11050, 91
2026-08-17_23:37:47,2026/08/17 23:37:47.334, 0, 132107, 11050, 90
2026-08-17_23:38:17,2026/08/17 23:38:17.385, 0, 132109, 11048, 90
2026-08-17_23:38:47,2026/08/17 23:38:47.438, 0, 132109, 11048, 90
2026-08-17_23:39:17,2026/08/17 23:39:17.489, 0, 132109, 11048, 90
2026-08-17_23:39:47,2026/08/17 23:39:47.542, 0, 132109, 11048, 90
2026-08-17_23:40:17,2026/08/17 23:40:17.596, 0, 132109, 11048, 91
2026-08-17_23:40:47,2026/08/17 23:40:47.652, 0, 132109, 11048, 90
2026-08-17_23:41:17,2026/08/17 23:41:17.706, 0, 132109, 11048, 90
2026-08-17_23:41:47,2026/08/17 23:41:47.759, 0, 132109, 11048, 90
2026-08-17_23:42:17,2026/08/17 23:42:17.815, 0, 132109, 11048, 91
2026-08-17_23:42:47,2026/08/17 23:42:47.870, 0, 132109, 11048, 90
2026-08-17_23:43:17,2026/08/17 23:43:17.925, 0, 132109, 11048, 91
2026-08-17_23:43:47,2026/08/17 23:43:47.980, 0, 132109, 11048, 90
2026-08-17_23:44:18,2026/08/17 23:44:18.034, 0, 132109, 11048, 90
2026-08-17_23:44:48,2026/08/17 23:44:48.092, 0, 132109, 11048, 90
2026-08-17_23:45:18,2026/08/17 23:45:18.144, 0, 132109, 11048, 90
2026-08-17_23:45:48,2026/08/17 23:45:48.200, 0, 132109, 11048, 90
2026-08-17_23:46:18,2026/08/17 23:46:18.256, 0, 132109, 11048, 91
2026-08-17_23:46:48,2026/08/17 23:46:48.312, 0, 132109, 11048, 90
2026-08-17_23:47:18,2026/08/17 23:47:18.367, 0, 132109, 11048, 90
2026-08-17_23:47:48,2026/08/17 23:47:48.421, 0, 132109, 11048, 90
2026-08-17_23:48:18,2026/08/17 23:48:18.474, 0, 132109, 11048, 91
2026-08-17_23:48:48,2026/08/17 23:48:48.527, 0, 132109, 11048, 90
2026-08-17_23:49:18,2026/08/17 23:49:18.579, 0, 132109, 11048, 91
2026-08-17_23:49:48,2026/08/17 23:49:48.630, 0, 132109, 11048, 90
2026-08-17_23:50:18,2026/08/17 23:50:18.682, 0, 132109, 11048, 90
2026-08-17_23:50:48,2026/08/17 23:50:48.737, 0, 132109, 11048, 90
2026-08-17_23:51:18,2026/08/17 23:51:18.791, 0, 132109, 11048, 90
2026-08-17_23:51:48,2026/08/17 23:51:48.845, 0, 132109, 11048, 90
2026-08-17_23:52:18,2026/08/17 23:52:18.901, 0, 132109, 11048, 91
2026-08-17_23:52:48,2026/08/17 23:52:48.956, 0, 132109, 11048, 91
2026-08-17_23:53:18,2026/08/17 23:53:19.010, 0, 132109, 11048, 90
2026-08-17_23:53:49,2026/08/17 23:53:49.065, 0, 132109, 11048, 90
2026-08-17_23:54:19,2026/08/17 23:54:19.123, 0, 132109, 11048, 90
2026-08-17_23:54:49,2026/08/17 23:54:49.179, 0, 132109, 11048, 90
2026-08-17_23:55:19,2026/08/17 23:55:19.231, 0, 132109, 11048, 90
2026-08-17_23:55:49,2026/08/17 23:55:49.286, 0, 132109, 11048, 91
2026-08-17_23:56:19,2026/08/17 23:56:19.340, 0, 132109, 11048, 91
2026-08-17_23:56:49,2026/08/17 23:56:49.395, 0, 132109, 11048, 90
2026-08-17_23:57:19,2026/08/17 23:57:19.450, 0, 132109, 11048, 90
2026-08-17_23:57:49,2026/08/17 23:57:49.506, 0, 132109, 11048, 90
2026-08-17_23:58:19,2026/08/17 23:58:19.562, 0, 132109, 11048, 91
2026-08-17_23:58:49,2026/08/17 23:58:49.616, 0, 132109, 11048, 90
2026-08-17_23:59:19,2026/08/17 23:59:19.672, 0, 132109, 11048, 91
2026-08-17_23:59:49,2026/08/17 23:59:49.727, 0, 132109, 11048, 90
2026-08-18_00:00:19,2026/08/18 00:00:19.783, 0, 132109, 11048, 91
2026-08-18_00:00:49,2026/08/18 00:00:49.838, 0, 132109, 11048, 90
2026-08-18_00:01:19,2026/08/18 00:01:19.891, 0, 132109, 11048, 91
2026-08-18_00:01:49,2026/08/18 00:01:49.947, 0, 132109, 11048, 90
2026-08-18_00:02:19,2026/08/18 00:02:20.005, 0, 132109, 11048, 92
2026-08-18_00:02:50,2026/08/18 00:02:50.058, 0, 132109, 11048, 90
2026-08-18_00:03:20,2026/08/18 00:03:20.113, 0, 132109, 11048, 91
2026-08-18_00:03:50,2026/08/18 00:03:50.166, 0, 132109, 11048, 90
2026-08-18_00:04:20,2026/08/18 00:04:20.221, 0, 132109, 11048, 90
2026-08-18_00:04:50,2026/08/18 00:04:50.275, 0, 132109, 11048, 91
2026-08-18_00:05:20,2026/08/18 00:05:20.329, 0, 132109, 11048, 93
2026-08-18_00:05:50,2026/08/18 00:05:50.388, 0, 132109, 11048, 91
2026-08-18_00:06:20,2026/08/18 00:06:20.444, 0, 132109, 11048, 90
2026-08-18_00:06:50,2026/08/18 00:06:50.498, 0, 132109, 11048, 90
2026-08-18_00:07:20,2026/08/18 00:07:20.553, 0, 132109, 11048, 90
2026-08-18_00:07:50,2026/08/18 00:07:50.607, 0, 132109, 11048, 90
2026-08-18_00:08:20,2026/08/18 00:08:20.667, 0, 132109, 11048, 90
2026-08-18_00:08:50,2026/08/18 00:08:50.723, 0, 132109, 11048, 91
2026-08-18_00:09:20,2026/08/18 00:09:20.781, 0, 132109, 11048, 91
2026-08-18_00:09:50,2026/08/18 00:09:50.838, 0, 132109, 11048, 90
2026-08-18_00:10:20,2026/08/18 00:10:20.894, 0, 132109, 11048, 90
2026-08-18_00:10:50,2026/08/18 00:10:50.948, 0, 132109, 11048, 92
2026-08-18_00:11:20,2026/08/18 00:11:21.007, 0, 132109, 11048, 91
2026-08-18_00:11:51,2026/08/18 00:11:51.062, 0, 132109, 11048, 92
2026-08-18_00:12:21,2026/08/18 00:12:21.116, 0, 132109, 11048, 91
2026-08-18_00:12:51,2026/08/18 00:12:51.173, 0, 132109, 11048, 90
2026-08-18_00:13:21,2026/08/18 00:13:21.223, 0, 132109, 11048, 91
2026-08-18_00:13:51,2026/08/18 00:13:51.275, 0, 132109, 11048, 92
2026-08-18_00:14:21,2026/08/18 00:14:21.327, 0, 132109, 11048, 91
2026-08-18_00:14:51,2026/08/18 00:14:51.375, 0, 132109, 11048, 91
2026-08-18_00:15:21,2026/08/18 00:15:21.430, 0, 132109, 11048, 90
2026-08-18_00:15:51,2026/08/18 00:15:51.479, 0, 132109, 11048, 96
2026-08-18_00:16:21,2026/08/18 00:16:21.530, 0, 132109, 11048, 92
2026-08-18_00:16:51,2026/08/18 00:16:51.578, 0, 132109, 11048, 90
2026-08-18_00:17:21,2026/08/18 00:17:21.631, 0, 132109, 11048, 91
2026-08-18_00:17:51,2026/08/18 00:17:51.682, 0, 132109, 11048, 90
2026-08-18_00:18:21,2026/08/18 00:18:21.739, 0, 132109, 11048, 92
2026-08-18_00:18:51,2026/08/18 00:18:51.792, 0, 132109, 11048, 90
2026-08-18_00:19:21,2026/08/18 00:19:21.846, 0, 132109, 11048, 90
2026-08-18_00:19:51,2026/08/18 00:19:51.898, 0, 132109, 11048, 90
2026-08-18_00:20:21,2026/08/18 00:20:21.954, 0, 132109, 11048, 92
2026-08-18_00:20:51,2026/08/18 00:20:52.009, 0, 132109, 11048, 90
2026-08-18_00:21:22,2026/08/18 00:21:22.065, 0, 132109, 11048, 92
2026-08-18_00:21:52,2026/08/18 00:21:52.119, 0, 132109, 11048, 90
2026-08-18_00:22:22,2026/08/18 00:22:22.174, 0, 132109, 11048, 91
2026-08-18_00:22:52,2026/08/18 00:22:52.228, 0, 132109, 11048, 91
2026-08-18_00:23:22,2026/08/18 00:23:22.284, 0, 132109, 11048, 91
2026-08-18_00:23:52,2026/08/18 00:23:52.338, 0, 132109, 11048, 90
2026-08-18_00:24:22,2026/08/18 00:24:22.394, 0, 132109, 11048, 91
2026-08-18_00:24:52,2026/08/18 00:24:52.452, 0, 132109, 11048, 91
2026-08-18_00:25:22,2026/08/18 00:25:22.509, 0, 132109, 11048, 91
2026-08-18_00:25:52,2026/08/18 00:25:52.564, 0, 132109, 11048, 91
2026-08-18_00:26:22,2026/08/18 00:26:22.617, 0, 132109, 11048, 91
2026-08-18_00:26:52,2026/08/18 00:26:52.673, 0, 132109, 11048, 90
2026-08-18_00:27:22,2026/08/18 00:27:22.728, 0, 132109, 11048, 92
2026-08-18_00:27:52,2026/08/18 00:27:52.783, 0, 132109, 11048, 90
2026-08-18_00:28:22,2026/08/18 00:28:22.836, 0, 132109, 11048, 91
2026-08-18_00:28:52,2026/08/18 00:28:52.894, 0, 132109, 11048, 91
2026-08-18_00:29:22,2026/08/18 00:29:22.947, 0, 132109, 11048, 90
2026-08-18_00:29:52,2026/08/18 00:29:53.003, 0, 132109, 11048, 90
2026-08-18_00:30:23,2026/08/18 00:30:23.058, 0, 132109, 11048, 90
2026-08-18_00:30:53,2026/08/18 00:30:53.114, 0, 132109, 11048, 91
2026-08-18_00:31:23,2026/08/18 00:31:23.170, 0, 132109, 11048, 90
2026-08-18_00:31:53,2026/08/18 00:31:53.224, 0, 132109, 11048, 90
2026-08-18_00:32:23,2026/08/18 00:32:23.279, 0, 132109, 11048, 90
2026-08-18_00:32:53,2026/08/18 00:32:53.336, 0, 132109, 11048, 92
2026-08-18_00:33:23,2026/08/18 00:33:23.393, 0, 132109, 11048, 90
2026-08-18_00:33:53,2026/08/18 00:33:53.450, 0, 132109, 11048, 92
2026-08-18_00:34:23,2026/08/18 00:34:23.505, 0, 132109, 11048, 91
2026-08-18_00:34:53,2026/08/18 00:34:53.563, 0, 132109, 11048, 91
2026-08-18_00:35:23,2026/08/18 00:35:23.620, 0, 132109, 11048, 91
2026-08-18_00:35:53,2026/08/18 00:35:53.677, 0, 132109, 11048, 92
2026-08-18_00:36:23,2026/08/18 00:36:23.731, 0, 132109, 11048, 90
2026-08-18_00:36:53,2026/08/18 00:36:53.787, 0, 132109, 11048, 91
2026-08-18_00:37:23,2026/08/18 00:37:23.840, 0, 132109, 11048, 91
2026-08-18_00:37:53,2026/08/18 00:37:53.897, 0, 132109, 11048, 91
2026-08-18_00:38:23,2026/08/18 00:38:23.952, 0, 132109, 11048, 91
2026-08-18_00:38:53,2026/08/18 00:38:54.011, 0, 132109, 11048, 90
2026-08-18_00:39:24,2026/08/18 00:39:24.067, 0, 132109, 11048, 91
2026-08-18_00:39:54,2026/08/18 00:39:54.121, 0, 132109, 11048, 90
2026-08-18_00:40:24,2026/08/18 00:40:24.178, 0, 132109, 11048, 90
2026-08-18_00:40:54,2026/08/18 00:40:54.230, 0, 132109, 11048, 91
2026-08-18_00:41:24,2026/08/18 00:41:24.285, 0, 132109, 11048, 90
2026-08-18_00:41:54,2026/08/18 00:41:54.337, 0, 132109, 11048, 91
2026-08-18_00:42:24,2026/08/18 00:42:24.394, 0, 132109, 11048, 90
2026-08-18_00:42:54,2026/08/18 00:42:54.453, 0, 132109, 11048, 91
2026-08-18_00:43:24,2026/08/18 00:43:24.510, 0, 132109, 11048, 90
2026-08-18_00:43:54,2026/08/18 00:43:54.570, 0, 132109, 11048, 91
2026-08-18_00:44:24,2026/08/18 00:44:24.623, 0, 132109, 11048, 90
2026-08-18_00:44:54,2026/08/18 00:44:54.678, 0, 132109, 11048, 92
2026-08-18_00:45:24,2026/08/18 00:45:24.732, 0, 132109, 11048, 91
2026-08-18_00:45:54,2026/08/18 00:45:54.786, 0, 132109, 11048, 92
2026-08-18_00:46:24,2026/08/18 00:46:24.842, 0, 132109, 11048, 91
2026-08-18_00:46:54,2026/08/18 00:46:54.899, 0, 132109, 11048, 91
2026-08-18_00:47:24,2026/08/18 00:47:24.953, 0, 132109, 11048, 91
2026-08-18_00:47:54,2026/08/18 00:47:55.008, 0, 132109, 11048, 90
2026-08-18_00:48:25,2026/08/18 00:48:25.063, 0, 132109, 11048, 90
2026-08-18_00:48:55,2026/08/18 00:48:55.118, 0, 132109, 11048, 92
2026-08-18_00:49:25,2026/08/18 00:49:25.173, 0, 132109, 11048, 91
2026-08-18_00:49:55,2026/08/18 00:49:55.229, 0, 132109, 11048, 90
2026-08-18_00:50:25,2026/08/18 00:50:25.281, 0, 132109, 11048, 91
2026-08-18_00:50:55,2026/08/18 00:50:55.335, 0, 132109, 11048, 90
2026-08-18_00:51:25,2026/08/18 00:51:25.390, 0, 132109, 11048, 91
2026-08-18_00:51:55,2026/08/18 00:51:55.445, 0, 132109, 11048, 90
2026-08-18_00:52:25,2026/08/18 00:52:25.499, 0, 132109, 11048, 92
2026-08-18_00:52:55,2026/08/18 00:52:55.554, 0, 132109, 11048, 91
2026-08-18_00:53:25,2026/08/18 00:53:25.611, 0, 132109, 11048, 91
2026-08-18_00:53:55,2026/08/18 00:53:55.664, 0, 132109, 11048, 91
2026-08-18_00:54:25,2026/08/18 00:54:25.723, 0, 132109, 11048, 90
2026-08-18_00:54:55,2026/08/18 00:54:55.778, 0, 132109, 11048, 92
2026-08-18_00:55:25,2026/08/18 00:55:25.832, 0, 132109, 11048, 90
2026-08-18_00:55:55,2026/08/18 00:55:55.885, 0, 132109, 11048, 92
2026-08-18_00:56:25,2026/08/18 00:56:25.941, 0, 132109, 11048, 91
2026-08-18_00:56:55,2026/08/18 00:56:55.995, 0, 132109, 11048, 90
2026-08-18_00:57:26,2026/08/18 00:57:26.049, 0, 132109, 11048, 90
2026-08-18_00:57:56,2026/08/18 00:57:56.105, 0, 132109, 11048, 90
2026-08-18_00:58:26,2026/08/18 00:58:26.161, 0, 132109, 11048, 91
2026-08-18_00:58:56,2026/08/18 00:58:56.218, 0, 132109, 11048, 90
2026-08-18_00:59:26,2026/08/18 00:59:26.273, 0, 132109, 11048, 92
2026-08-18_00:59:56,2026/08/18 00:59:56.324, 0, 132109, 11048, 90
2026-08-18_01:00:26,2026/08/18 01:00:26.377, 0, 132109, 11048, 92
2026-08-18_01:00:56,2026/08/18 01:00:56.427, 0, 132109, 11048, 90
2026-08-18_01:01:26,2026/08/18 01:01:26.486, 0, 132109, 11048, 91
2026-08-18_01:01:56,2026/08/18 01:01:56.539, 0, 132109, 11048, 91
2026-08-18_01:02:26,2026/08/18 01:02:26.597, 0, 132109, 11048, 92
2026-08-18_01:02:56,2026/08/18 01:02:56.653, 0, 132109, 11048, 90
2026-08-18_01:03:26,2026/08/18 01:03:26.702, 0, 132109, 11048, 90
2026-08-18_01:03:56,2026/08/18 01:03:56.757, 0, 132109, 11048, 90
2026-08-18_01:04:26,2026/08/18 01:04:26.808, 0, 132109, 11048, 91
2026-08-18_01:04:56,2026/08/18 01:04:56.863, 0, 132109, 11048, 90
2026-08-18_01:05:26,2026/08/18 01:05:26.919, 0, 132109, 11048, 91
2026-08-18_01:05:56,2026/08/18 01:05:56.973, 0, 132109, 11048, 90
2026-08-18_01:06:27,2026/08/18 01:06:27.030, 0, 132109, 11048, 66
2026-08-18_01:06:57,2026/08/18 01:06:57.083, 0, 132109, 11048, 74
2026-08-18_01:07:27,2026/08/18 01:07:27.138, 0, 132109, 11048, 0
