entry,arm,lambda,ID,OOD_excl,OOD_incl,dOOD,KL
base_gsm8k,gsm8k,0,0.8514,0.4100000000000001,0.32500000000000007,,2.468741173980262e-05
base_math,math,0,0.2425,0.1052,0.09346666666666666,,2.468741173980262e-05
loraes_gsm8k_final_lambda0.25,gsm8k,0.25,0.8431,0.40643333333333337,0.32732500000000003,-0.003566666666666718,0.0016678508278493288
loraes_gsm8k_final_lambda0.5,gsm8k,0.5,0.8431,0.4008666666666667,0.32215000000000005,-0.009133333333333382,0.004441759829460324
loraes_gsm8k_final_lambda0.75,gsm8k,0.75,0.8438,0.4095333333333333,0.32765,-0.0004666666666667818,0.008522301241998941
loraes_gsm8k_final_lambda1,gsm8k,1.0,0.8431,0.40210000000000007,0.32857500000000006,-0.007900000000000018,0.013626497539171124
loraes_gsm8k_beststep0_lambda1,gsm8k,1.0,0.8514,0.4100000000000001,0.32500000000000007,0.0,2.468741173980262e-05
loraes_math_final_lambda0.25,math,0.25,0.2425,0.117,0.10666666666666667,0.011800000000000005,5.360810880211749e-05
loraes_math_final_lambda0.5,math,0.5,0.2861,0.12335,0.11023333333333334,0.01815,0.0015571230397917629
loraes_math_final_lambda0.75,math,0.75,0.2916,0.11560000000000001,0.1004,0.010400000000000006,0.004487722710028128
loraes_math_final_lambda1,math,1.0,0.2943,0.12075,0.10383333333333333,0.015549999999999994,0.008764015630354295
loraes_math_beststep25_lambda1,math,1.0,0.2561,0.1019,0.10526666666666668,-0.0032999999999999974,0.0026425116781535647
